일시,FL1
2025-01-01 00:00:00,0.0
2025-01-01 00:30:00,0.0
2025-01-01 01:00:00,0.0
2025-01-01 01:30:00,0.0
2025-01-01 02:00:00,0.0
2025-01-01 02:30:00,0.0
2025-01-01 03:00:00,0.0
2025-01-01 03:30:00,0.0
2025-01-01 04:00:00,0.0
2025-01-01 04:30:00,0.0
2025-01-01 05:00:00,0.0
2025-01-01 05:30:00,0.0
2025-01-01 06:00:00,0.0
2025-01-01 06:30:00,0.0
2025-01-01 07:00:00,0.0
2025-01-01 07:30:00,0.0
2025-01-01 08:00:00,0.0
2025-01-01 08:30:00,0.0
2025-01-01 09:00:00,0.0
2025-01-01 09:30:00,0.0
2025-01-01 10:00:00,0.0
2025-01-01 10:30:00,0.0
2025-01-01 11:00:00,0.0
2025-01-01 11:30:00,0.0
2025-01-01 12:00:00,111105.0
2025-01-01 12:30:00,183802.0
2025-01-01 13:00:00,190666.0
2025-01-01 13:30:00,194325.0
2025-01-01 14:00:00,209895.0
2025-01-01 14:30:00,253273.0
2025-01-01 15:00:00,333469.0
2025-01-01 15:30:00,439862.0
2025-01-01 16:00:00,600321.0
2025-01-01 16:30:00,742902.0
2025-01-01 17:00:00,904411.0
2025-01-01 17:30:00,1204744.0
2025-01-01 18:00:00,1220535.0
2025-01-01 18:30:00,1210963.0
2025-01-01 19:00:00,1206703.0
2025-01-01 19:30:00,1191102.0
2025-01-01 20:00:00,1195505.0
2025-01-01 20:30:00,1192230.0
2025-01-01 21:00:00,1189689.0
2025-01-01 21:30:00,1186488.0
2025-01-01 22:00:00,1186629.0
2025-01-01 22:30:00,1183080.0
2025-01-01 23:00:00,1193300.0
2025-01-01 23:30:00,1189609.0
2025-01-02 00:00:00,1186173.0
2025-01-02 00:30:00,1177081.0
2025-01-02 01:00:00,1176261.0
2025-01-02 01:30:00,1157586.0
2025-01-02 02:00:00,1102946.0
2025-01-02 02:30:00,1129817.0
2025-01-02 03:00:00,1165083.0
2025-01-02 03:30:00,1187830.0
2025-01-02 04:00:00,1187063.0
2025-01-02 04:30:00,1185192.0
2025-01-02 05:00:00,1189526.0
2025-01-02 05:30:00,1195669.0
2025-01-02 06:00:00,1197786.0
2025-01-02 06:30:00,1195188.0
2025-01-02 07:00:00,1189922.0
2025-01-02 07:30:00,1188426.0
2025-01-02 08:00:00,1182929.0
2025-01-02 08:30:00,1187603.0
2025-01-02 09:00:00,1187380.0
2025-01-02 09:30:00,1192978.0
2025-01-02 10:00:00,1078946.0
2025-01-02 10:30:00,1015387.0
2025-01-02 11:00:00,1028065.0
2025-01-02 11:30:00,1015829.0
2025-01-02 12:00:00,1016212.0
2025-01-02 12:30:00,1012808.0
2025-01-02 13:00:00,1018454.0
2025-01-02 13:30:00,947763.0
2025-01-02 14:00:00,880664.0
2025-01-02 14:30:00,993640.0
2025-01-02 15:00:00,1013938.0
2025-01-02 15:30:00,1011321.0
2025-01-02 16:00:00,1002960.0
2025-01-02 16:30:00,1003346.0
2025-01-02 17:00:00,1003513.0
2025-01-02 17:30:00,1005398.0
2025-01-02 18:00:00,1004677.0
2025-01-02 18:30:00,1006094.0
2025-01-02 19:00:00,1005798.0
2025-01-02 19:30:00,1006627.0
2025-01-02 20:00:00,1006748.0
2025-01-02 20:30:00,1003585.0
2025-01-02 21:00:00,1005758.0
2025-01-02 21:30:00,1002394.0
2025-01-02 22:00:00,1011294.0
2025-01-02 22:30:00,1010603.0
2025-01-02 23:00:00,1011784.0
2025-01-02 23:30:00,1008430.0
2025-01-03 00:00:00,1003323.0
2025-01-03 00:30:00,998449.0
2025-01-03 01:00:00,1001825.0
2025-01-03 01:30:00,1001287.0
2025-01-03 02:00:00,1010054.0
2025-01-03 02:30:00,1007907.0
2025-01-03 03:00:00,1009197.0
2025-01-03 03:30:00,1006973.0
2025-01-03 04:00:00,1009986.0
2025-01-03 04:30:00,1007434.0
2025-01-03 05:00:00,1012336.0
2025-01-03 05:30:00,1013356.0
2025-01-03 06:00:00,1023605.0
2025-01-03 06:30:00,1028251.0
2025-01-03 07:00:00,1027115.0
2025-01-03 07:30:00,1024588.0
2025-01-03 08:00:00,1024386.0
2025-01-03 08:30:00,1017290.0
2025-01-03 09:00:00,1012744.0
2025-01-03 09:30:00,1011408.0
2025-01-03 10:00:00,1024149.0
2025-01-03 10:30:00,1024961.0
2025-01-03 11:00:00,1025369.0
2025-01-03 11:30:00,1015891.0
2025-01-03 12:00:00,1013968.0
2025-01-03 12:30:00,1014844.0
2025-01-03 13:00:00,1019767.0
2025-01-03 13:30:00,903284.0
2025-01-03 14:00:00,943599.0
2025-01-03 14:30:00,1026140.0
2025-01-03 15:00:00,1017937.0
2025-01-03 15:30:00,1014611.0
2025-01-03 16:00:00,1004742.0
2025-01-03 16:30:00,1001221.0
2025-01-03 17:00:00,1003452.0
2025-01-03 17:30:00,1001891.0
2025-01-03 18:00:00,997642.0
2025-01-03 18:30:00,1003110.0
2025-01-03 19:00:00,1002422.0
2025-01-03 19:30:00,1003454.0
2025-01-03 20:00:00,1004863.0
2025-01-03 20:30:00,1003369.0
2025-01-03 21:00:00,1003874.0
2025-01-03 21:30:00,999346.0
2025-01-03 22:00:00,1001822.0
2025-01-03 22:30:00,920167.0
2025-01-03 23:00:00,682125.0
2025-01-03 23:30:00,544801.0
2025-01-04 00:00:00,461091.0
2025-01-04 00:30:00,369733.0
2025-01-04 01:00:00,123319.0
2025-01-04 01:30:00,0.0
2025-01-04 02:00:00,0.0
2025-01-04 02:30:00,0.0
2025-01-04 03:00:00,0.0
2025-01-04 03:30:00,0.0
2025-01-04 04:00:00,0.0
2025-01-04 04:30:00,0.0
2025-01-04 05:00:00,0.0
2025-01-04 05:30:00,0.0
2025-01-04 06:00:00,0.0
2025-01-04 06:30:00,0.0
2025-01-04 07:00:00,0.0
2025-01-04 07:30:00,0.0
2025-01-04 08:00:00,0.0
2025-01-04 08:30:00,0.0
2025-01-04 09:00:00,0.0
2025-01-04 09:30:00,0.0
2025-01-04 10:00:00,0.0
2025-01-04 10:30:00,0.0
2025-01-04 11:00:00,0.0
2025-01-04 11:30:00,0.0
2025-01-04 12:00:00,0.0
2025-01-04 12:30:00,0.0
2025-01-04 13:00:00,0.0
2025-01-04 13:30:00,0.0
2025-01-04 14:00:00,0.0
2025-01-04 14:30:00,0.0
2025-01-04 15:00:00,0.0
2025-01-04 15:30:00,0.0
2025-01-04 16:00:00,109222.0
2025-01-04 16:30:00,184286.0
2025-01-04 17:00:00,190570.0
2025-01-04 17:30:00,193094.0
2025-01-04 18:00:00,204379.0
2025-01-04 18:30:00,264153.0
2025-01-04 19:00:00,327737.0
2025-01-04 19:30:00,397858.0
2025-01-04 20:00:00,498148.0
2025-01-04 20:30:00,681883.0
2025-01-04 21:00:00,730582.0
2025-01-04 21:30:00,752859.0
2025-01-04 22:00:00,910217.0
2025-01-04 22:30:00,960693.0
2025-01-04 23:00:00,952342.0
2025-01-04 23:30:00,1004505.0
2025-01-05 00:00:00,1017101.0
2025-01-05 00:30:00,1016869.0
2025-01-05 01:00:00,1012292.0
2025-01-05 01:30:00,1011283.0
2025-01-05 02:00:00,1010280.0
2025-01-05 02:30:00,1008919.0
2025-01-05 03:00:00,1010267.0
2025-01-05 03:30:00,1005964.0
2025-01-05 04:00:00,1012273.0
2025-01-05 04:30:00,1010508.0
2025-01-05 05:00:00,1011845.0
2025-01-05 05:30:00,1019759.0
2025-01-05 06:00:00,1030550.0
2025-01-05 06:30:00,1034291.0
2025-01-05 07:00:00,1037328.0
2025-01-05 07:30:00,1027569.0
2025-01-05 08:00:00,1026988.0
2025-01-05 08:30:00,1031838.0
2025-01-05 09:00:00,1028044.0
2025-01-05 09:30:00,1033253.0
2025-01-05 10:00:00,1027108.0
2025-01-05 10:30:00,1032818.0
2025-01-05 11:00:00,967641.0
2025-01-05 11:30:00,973165.0
2025-01-05 12:00:00,1039562.0
2025-01-05 12:30:00,1033647.0
2025-01-05 13:00:00,1033758.0
2025-01-05 13:30:00,1030411.0
2025-01-05 14:00:00,1031211.0
2025-01-05 14:30:00,1025731.0
2025-01-05 15:00:00,1020566.0
2025-01-05 15:30:00,1012383.0
2025-01-05 16:00:00,1003797.0
2025-01-05 16:30:00,1008534.0
2025-01-05 17:00:00,1010292.0
2025-01-05 17:30:00,1008380.0
2025-01-05 18:00:00,1010087.0
2025-01-05 18:30:00,1008420.0
2025-01-05 19:00:00,1009905.0
2025-01-05 19:30:00,1011133.0
2025-01-05 20:00:00,1007952.0
2025-01-05 20:30:00,1011060.0
2025-01-05 21:00:00,1011814.0
2025-01-05 21:30:00,1013886.0
2025-01-05 22:00:00,1015079.0
2025-01-05 22:30:00,1010707.0
2025-01-05 23:00:00,1015188.0
2025-01-05 23:30:00,1011573.0
2025-01-06 00:00:00,1013306.0
2025-01-06 00:30:00,1015628.0
2025-01-06 01:00:00,1016737.0
2025-01-06 01:30:00,1008258.0
2025-01-06 02:00:00,1019308.0
2025-01-06 02:30:00,998583.0
2025-01-06 03:00:00,960580.0
2025-01-06 03:30:00,1022527.0
2025-01-06 04:00:00,1017824.0
2025-01-06 04:30:00,1022371.0
2025-01-06 05:00:00,1007457.0
2025-01-06 05:30:00,951668.0
2025-01-06 06:00:00,914017.0
2025-01-06 06:30:00,910651.0
2025-01-06 07:00:00,988012.0
2025-01-06 07:30:00,1028844.0
2025-01-06 08:00:00,1035409.0
2025-01-06 08:30:00,1031278.0
2025-01-06 09:00:00,1031088.0
2025-01-06 09:30:00,1031786.0
2025-01-06 10:00:00,1029228.0
2025-01-06 10:30:00,1026951.0
2025-01-06 11:00:00,880514.0
2025-01-06 11:30:00,970836.0
2025-01-06 12:00:00,888350.0
2025-01-06 12:30:00,894589.0
2025-01-06 13:00:00,893968.0
2025-01-06 13:30:00,899780.0
2025-01-06 14:00:00,925645.0
2025-01-06 14:30:00,1014032.0
2025-01-06 15:00:00,1018534.0
2025-01-06 15:30:00,1009882.0
2025-01-06 16:00:00,1006039.0
2025-01-06 16:30:00,1010944.0
2025-01-06 17:00:00,992039.0
2025-01-06 17:30:00,986421.0
2025-01-06 18:00:00,995623.0
2025-01-06 18:30:00,1006605.0
2025-01-06 19:00:00,1008237.0
2025-01-06 19:30:00,1006516.0
2025-01-06 20:00:00,984317.0
2025-01-06 20:30:00,1005903.0
2025-01-06 21:00:00,982943.0
2025-01-06 21:30:00,874942.0
2025-01-06 22:00:00,981086.0
2025-01-06 22:30:00,1014739.0
2025-01-06 23:00:00,1011932.0
2025-01-06 23:30:00,1014466.0
2025-01-07 00:00:00,1006078.0
2025-01-07 00:30:00,1010260.0
2025-01-07 01:00:00,1013875.0
2025-01-07 01:30:00,1010059.0
2025-01-07 02:00:00,1014433.0
2025-01-07 02:30:00,1015725.0
2025-01-07 03:00:00,1009449.0
2025-01-07 03:30:00,979429.0
2025-01-07 04:00:00,948466.0
2025-01-07 04:30:00,1017467.0
2025-01-07 05:00:00,1023743.0
2025-01-07 05:30:00,1040048.0
2025-01-07 06:00:00,1037978.0
2025-01-07 06:30:00,1032748.0
2025-01-07 07:00:00,1030453.0
2025-01-07 07:30:00,1032114.0
2025-01-07 08:00:00,1029449.0
2025-01-07 08:30:00,1030966.0
2025-01-07 09:00:00,1034034.0
2025-01-07 09:30:00,1040353.0
2025-01-07 10:00:00,1031137.0
2025-01-07 10:30:00,1029370.0
2025-01-07 11:00:00,1027698.0
2025-01-07 11:30:00,1022895.0
2025-01-07 12:00:00,1017960.0
2025-01-07 12:30:00,1021419.0
2025-01-07 13:00:00,1021228.0
2025-01-07 13:30:00,1018545.0
2025-01-07 14:00:00,1012250.0
2025-01-07 14:30:00,1003890.0
2025-01-07 15:00:00,1001833.0
2025-01-07 15:30:00,1005615.0
2025-01-07 16:00:00,1001399.0
2025-01-07 16:30:00,1008400.0
2025-01-07 17:00:00,1001706.0
2025-01-07 17:30:00,1007155.0
2025-01-07 18:00:00,1002424.0
2025-01-07 18:30:00,1003128.0
2025-01-07 19:00:00,1002152.0
2025-01-07 19:30:00,1003985.0
2025-01-07 20:00:00,998438.0
2025-01-07 20:30:00,871662.0
2025-01-07 21:00:00,887758.0
2025-01-07 21:30:00,967349.0
2025-01-07 22:00:00,964882.0
2025-01-07 22:30:00,1003424.0
2025-01-07 23:00:00,952736.0
2025-01-07 23:30:00,1006909.0
2025-01-08 00:00:00,1002564.0
2025-01-08 00:30:00,1005184.0
2025-01-08 01:00:00,1004418.0
2025-01-08 01:30:00,1003190.0
2025-01-08 02:00:00,983680.0
2025-01-08 02:30:00,1005334.0
2025-01-08 03:00:00,976177.0
2025-01-08 03:30:00,894031.0
2025-01-08 04:00:00,884254.0
2025-01-08 04:30:00,905455.0
2025-01-08 05:00:00,1006816.0
2025-01-08 05:30:00,891783.0
2025-01-08 06:00:00,997603.0
2025-01-08 06:30:00,1033720.0
2025-01-08 07:00:00,1030866.0
2025-01-08 07:30:00,1028474.0
2025-01-08 08:00:00,1024570.0
2025-01-08 08:30:00,1023603.0
2025-01-08 09:00:00,1025448.0
2025-01-08 09:30:00,1021564.0
2025-01-08 10:00:00,1005473.0
2025-01-08 10:30:00,1019224.0
2025-01-08 11:00:00,989098.0
2025-01-08 11:30:00,889055.0
2025-01-08 12:00:00,901430.0
2025-01-08 12:30:00,893976.0
2025-01-08 13:00:00,891753.0
2025-01-08 13:30:00,913519.0
2025-01-08 14:00:00,1094771.0
2025-01-08 14:30:00,1213087.0
2025-01-08 15:00:00,1163117.0
2025-01-08 15:30:00,1114068.0
2025-01-08 16:00:00,1110436.0
2025-01-08 16:30:00,1109598.0
2025-01-08 17:00:00,1104030.0
2025-01-08 17:30:00,1109286.0
2025-01-08 18:00:00,1107398.0
2025-01-08 18:30:00,1106965.0
2025-01-08 19:00:00,1100348.0
2025-01-08 19:30:00,1110812.0
2025-01-08 20:00:00,1174160.0
2025-01-08 20:30:00,1147390.0
2025-01-08 21:00:00,1112407.0
2025-01-08 21:30:00,1111126.0
2025-01-08 22:00:00,1169828.0
2025-01-08 22:30:00,1147835.0
2025-01-08 23:00:00,1176372.0
2025-01-08 23:30:00,1157730.0
2025-01-09 00:00:00,1165413.0
2025-01-09 00:30:00,1097977.0
2025-01-09 01:00:00,1107443.0
2025-01-09 01:30:00,1102972.0
2025-01-09 02:00:00,1130335.0
2025-01-09 02:30:00,1099148.0
2025-01-09 03:00:00,1104059.0
2025-01-09 03:30:00,1097067.0
2025-01-09 04:00:00,1105583.0
2025-01-09 04:30:00,1108272.0
2025-01-09 05:00:00,1100292.0
2025-01-09 05:30:00,1105671.0
2025-01-09 06:00:00,1111559.0
2025-01-09 06:30:00,1129748.0
2025-01-09 07:00:00,1125564.0
2025-01-09 07:30:00,1189079.0
2025-01-09 08:00:00,1191298.0
2025-01-09 08:30:00,1201117.0
2025-01-09 09:00:00,1162833.0
2025-01-09 09:30:00,1105392.0
2025-01-09 10:00:00,1112801.0
2025-01-09 10:30:00,1122217.0
2025-01-09 11:00:00,1113592.0
2025-01-09 11:30:00,1115984.0
2025-01-09 12:00:00,1141101.0
2025-01-09 12:30:00,1168919.0
2025-01-09 13:00:00,1190073.0
2025-01-09 13:30:00,1150654.0
2025-01-09 14:00:00,1103071.0
2025-01-09 14:30:00,1140240.0
2025-01-09 15:00:00,1189332.0
2025-01-09 15:30:00,1191320.0
2025-01-09 16:00:00,1184138.0
2025-01-09 16:30:00,1178354.0
2025-01-09 17:00:00,1171175.0
2025-01-09 17:30:00,1146357.0
2025-01-09 18:00:00,1146564.0
2025-01-09 18:30:00,1092981.0
2025-01-09 19:00:00,1091089.0
2025-01-09 19:30:00,1086545.0
2025-01-09 20:00:00,1084730.0
2025-01-09 20:30:00,1087255.0
2025-01-09 21:00:00,1090224.0
2025-01-09 21:30:00,1128189.0
2025-01-09 22:00:00,1135085.0
2025-01-09 22:30:00,1114856.0
2025-01-09 23:00:00,1126199.0
2025-01-09 23:30:00,1099792.0
2025-01-10 00:00:00,1140522.0
2025-01-10 00:30:00,1110757.0
2025-01-10 01:00:00,1124075.0
2025-01-10 01:30:00,1093096.0
2025-01-10 02:00:00,1091471.0
2025-01-10 02:30:00,1088125.0
2025-01-10 03:00:00,1090314.0
2025-01-10 03:30:00,1095723.0
2025-01-10 04:00:00,1099101.0
2025-01-10 04:30:00,1095148.0
2025-01-10 05:00:00,1099080.0
2025-01-10 05:30:00,1100857.0
2025-01-10 06:00:00,1163078.0
2025-01-10 06:30:00,1181226.0
2025-01-10 07:00:00,1169668.0
2025-01-10 07:30:00,1177785.0
2025-01-10 08:00:00,1183774.0
2025-01-10 08:30:00,1185457.0
2025-01-10 09:00:00,1180547.0
2025-01-10 09:30:00,1050037.0
2025-01-10 10:00:00,950262.0
2025-01-10 10:30:00,1005668.0
2025-01-10 11:00:00,1003069.0
2025-01-10 11:30:00,1010680.0
2025-01-10 12:00:00,948265.0
2025-01-10 12:30:00,924961.0
2025-01-10 13:00:00,996649.0
2025-01-10 13:30:00,1010439.0
2025-01-10 14:00:00,997982.0
2025-01-10 14:30:00,964866.0
2025-01-10 15:00:00,943380.0
2025-01-10 15:30:00,973154.0
2025-01-10 16:00:00,1003078.0
2025-01-10 16:30:00,996206.0
2025-01-10 17:00:00,996436.0
2025-01-10 17:30:00,994851.0
2025-01-10 18:00:00,992546.0
2025-01-10 18:30:00,992205.0
2025-01-10 19:00:00,996390.0
2025-01-10 19:30:00,994393.0
2025-01-10 20:00:00,994440.0
2025-01-10 20:30:00,989900.0
2025-01-10 21:00:00,986941.0
2025-01-10 21:30:00,993129.0
2025-01-10 22:00:00,995115.0
2025-01-10 22:30:00,988973.0
2025-01-10 23:00:00,992188.0
2025-01-10 23:30:00,985648.0
2025-01-11 00:00:00,967887.0
2025-01-11 00:30:00,995719.0
2025-01-11 01:00:00,992336.0
2025-01-11 01:30:00,950341.0
2025-01-11 02:00:00,920354.0
2025-01-11 02:30:00,991963.0
2025-01-11 03:00:00,964217.0
2025-01-11 03:30:00,988537.0
2025-01-11 04:00:00,985480.0
2025-01-11 04:30:00,986671.0
2025-01-11 05:00:00,991073.0
2025-01-11 05:30:00,989592.0
2025-01-11 06:00:00,992220.0
2025-01-11 06:30:00,924949.0
2025-01-11 07:00:00,1001069.0
2025-01-11 07:30:00,1006809.0
2025-01-11 08:00:00,1003891.0
2025-01-11 08:30:00,1004572.0
2025-01-11 09:00:00,1008719.0
2025-01-11 09:30:00,1010799.0
2025-01-11 10:00:00,932377.0
2025-01-11 10:30:00,929337.0
2025-01-11 11:00:00,1012121.0
2025-01-11 11:30:00,1014753.0
2025-01-11 12:00:00,957665.0
2025-01-11 12:30:00,904397.0
2025-01-11 13:00:00,934094.0
2025-01-11 13:30:00,986491.0
2025-01-11 14:00:00,1009831.0
2025-01-11 14:30:00,1016882.0
2025-01-11 15:00:00,1017674.0
2025-01-11 15:30:00,1009592.0
2025-01-11 16:00:00,990767.0
2025-01-11 16:30:00,990660.0
2025-01-11 17:00:00,994894.0
2025-01-11 17:30:00,1000946.0
2025-01-11 18:00:00,995903.0
2025-01-11 18:30:00,997722.0
2025-01-11 19:00:00,997838.0
2025-01-11 19:30:00,995659.0
2025-01-11 20:00:00,998031.0
2025-01-11 20:30:00,994296.0
2025-01-11 21:00:00,995637.0
2025-01-11 21:30:00,998548.0
2025-01-11 22:00:00,1004549.0
2025-01-11 22:30:00,1001964.0
2025-01-11 23:00:00,1002922.0
2025-01-11 23:30:00,997098.0
2025-01-12 00:00:00,995844.0
2025-01-12 00:30:00,993719.0
2025-01-12 01:00:00,999336.0
2025-01-12 01:30:00,995067.0
2025-01-12 02:00:00,1005073.0
2025-01-12 02:30:00,1000554.0
2025-01-12 03:00:00,997903.0
2025-01-12 03:30:00,1000965.0
2025-01-12 04:00:00,1002771.0
2025-01-12 04:30:00,1005569.0
2025-01-12 05:00:00,1009528.0
2025-01-12 05:30:00,1015681.0
2025-01-12 06:00:00,1015749.0
2025-01-12 06:30:00,1031443.0
2025-01-12 07:00:00,1031651.0
2025-01-12 07:30:00,1018601.0
2025-01-12 08:00:00,1006339.0
2025-01-12 08:30:00,1002835.0
2025-01-12 09:00:00,988861.0
2025-01-12 09:30:00,772376.0
2025-01-12 10:00:00,571566.0
2025-01-12 10:30:00,495090.0
2025-01-12 11:00:00,389995.0
2025-01-12 11:30:00,329014.0
2025-01-12 12:00:00,104363.0
2025-01-12 12:30:00,0.0
2025-01-12 13:00:00,0.0
2025-01-12 13:30:00,0.0
2025-01-12 14:00:00,0.0
2025-01-12 14:30:00,0.0
2025-01-12 15:00:00,0.0
2025-01-12 15:30:00,0.0
2025-01-12 16:00:00,0.0
2025-01-12 16:30:00,0.0
2025-01-12 17:00:00,0.0
2025-01-12 17:30:00,0.0
2025-01-12 18:00:00,0.0
2025-01-12 18:30:00,0.0
2025-01-12 19:00:00,0.0
2025-01-12 19:30:00,0.0
2025-01-12 20:00:00,0.0
2025-01-12 20:30:00,0.0
2025-01-12 21:00:00,0.0
2025-01-12 21:30:00,0.0
2025-01-12 22:00:00,0.0
2025-01-12 22:30:00,0.0
2025-01-12 23:00:00,0.0
2025-01-12 23:30:00,0.0
2025-01-13 00:00:00,0.0
2025-01-13 00:30:00,0.0
2025-01-13 01:00:00,0.0
2025-01-13 01:30:00,0.0
2025-01-13 02:00:00,0.0
2025-01-13 02:30:00,0.0
2025-01-13 03:00:00,0.0
2025-01-13 03:30:00,117755.0
2025-01-13 04:00:00,186138.0
2025-01-13 04:30:00,197514.0
2025-01-13 05:00:00,209110.0
2025-01-13 05:30:00,258533.0
2025-01-13 06:00:00,323206.0
2025-01-13 06:30:00,373984.0
2025-01-13 07:00:00,378640.0
2025-01-13 07:30:00,434609.0
2025-01-13 08:00:00,542565.0
2025-01-13 08:30:00,643980.0
2025-01-13 09:00:00,782852.0
2025-01-13 09:30:00,941462.0
2025-01-13 10:00:00,1016844.0
2025-01-13 10:30:00,1020608.0
2025-01-13 11:00:00,906645.0
2025-01-13 11:30:00,868340.0
2025-01-13 12:00:00,888657.0
2025-01-13 12:30:00,872150.0
2025-01-13 13:00:00,932953.0
2025-01-13 13:30:00,956971.0
2025-01-13 14:00:00,955387.0
2025-01-13 14:30:00,1012969.0
2025-01-13 15:00:00,952729.0
2025-01-13 15:30:00,995602.0
2025-01-13 16:00:00,1007336.0
2025-01-13 16:30:00,1012929.0
2025-01-13 17:00:00,1002979.0
2025-01-13 17:30:00,1003833.0
2025-01-13 18:00:00,991675.0
2025-01-13 18:30:00,1000028.0
2025-01-13 19:00:00,998454.0
2025-01-13 19:30:00,995724.0
2025-01-13 20:00:00,949653.0
2025-01-13 20:30:00,974392.0
2025-01-13 21:00:00,936977.0
2025-01-13 21:30:00,873171.0
2025-01-13 22:00:00,935512.0
2025-01-13 22:30:00,999441.0
2025-01-13 23:00:00,1004920.0
2025-01-13 23:30:00,1002515.0
2025-01-14 00:00:00,999178.0
2025-01-14 00:30:00,1001013.0
2025-01-14 01:00:00,998129.0
2025-01-14 01:30:00,947416.0
2025-01-14 02:00:00,904273.0
2025-01-14 02:30:00,875293.0
2025-01-14 03:00:00,880217.0
2025-01-14 03:30:00,881460.0
2025-01-14 04:00:00,881734.0
2025-01-14 04:30:00,883754.0
2025-01-14 05:00:00,890948.0
2025-01-14 05:30:00,889770.0
2025-01-14 06:00:00,899842.0
2025-01-14 06:30:00,899444.0
2025-01-14 07:00:00,900052.0
2025-01-14 07:30:00,936408.0
2025-01-14 08:00:00,1026315.0
2025-01-14 08:30:00,1023354.0
2025-01-14 09:00:00,1029569.0
2025-01-14 09:30:00,1031849.0
2025-01-14 10:00:00,1012450.0
2025-01-14 10:30:00,1020817.0
2025-01-14 11:00:00,1024803.0
2025-01-14 11:30:00,1023714.0
2025-01-14 12:00:00,1017241.0
2025-01-14 12:30:00,1010551.0
2025-01-14 13:00:00,989288.0
2025-01-14 13:30:00,1012369.0
2025-01-14 14:00:00,1014034.0
2025-01-14 14:30:00,1013870.0
2025-01-14 15:00:00,919576.0
2025-01-14 15:30:00,959561.0
2025-01-14 16:00:00,1009668.0
2025-01-14 16:30:00,1002688.0
2025-01-14 17:00:00,996913.0
2025-01-14 17:30:00,1000797.0
2025-01-14 18:00:00,994142.0
2025-01-14 18:30:00,997064.0
2025-01-14 19:00:00,1004016.0
2025-01-14 19:30:00,999012.0
2025-01-14 20:00:00,1001737.0
2025-01-14 20:30:00,1001632.0
2025-01-14 21:00:00,999527.0
2025-01-14 21:30:00,996961.0
2025-01-14 22:00:00,1000731.0
2025-01-14 22:30:00,995807.0
2025-01-14 23:00:00,997005.0
2025-01-14 23:30:00,994859.0
2025-01-15 00:00:00,988866.0
2025-01-15 00:30:00,996062.0
2025-01-15 01:00:00,994540.0
2025-01-15 01:30:00,989832.0
2025-01-15 02:00:00,993012.0
2025-01-15 02:30:00,994702.0
2025-01-15 03:00:00,995976.0
2025-01-15 03:30:00,994969.0
2025-01-15 04:00:00,996605.0
2025-01-15 04:30:00,997595.0
2025-01-15 05:00:00,991673.0
2025-01-15 05:30:00,986275.0
2025-01-15 06:00:00,1010027.0
2025-01-15 06:30:00,1017619.0
2025-01-15 07:00:00,1017903.0
2025-01-15 07:30:00,1016800.0
2025-01-15 08:00:00,1021314.0
2025-01-15 08:30:00,1013046.0
2025-01-15 09:00:00,1005399.0
2025-01-15 09:30:00,998184.0
2025-01-15 10:00:00,892079.0
2025-01-15 10:30:00,905378.0
2025-01-15 11:00:00,890550.0
2025-01-15 11:30:00,946547.0
2025-01-15 12:00:00,895268.0
2025-01-15 12:30:00,883849.0
2025-01-15 13:00:00,894000.0
2025-01-15 13:30:00,905212.0
2025-01-15 14:00:00,881466.0
2025-01-15 14:30:00,886461.0
2025-01-15 15:00:00,908564.0
2025-01-15 15:30:00,945974.0
2025-01-15 16:00:00,895633.0
2025-01-15 16:30:00,996470.0
2025-01-15 17:00:00,997138.0
2025-01-15 17:30:00,996927.0
2025-01-15 18:00:00,992220.0
2025-01-15 18:30:00,984851.0
2025-01-15 19:00:00,988488.0
2025-01-15 19:30:00,984934.0
2025-01-15 20:00:00,984502.0
2025-01-15 20:30:00,953810.0
2025-01-15 21:00:00,937776.0
2025-01-15 21:30:00,965237.0
2025-01-15 22:00:00,979529.0
2025-01-15 22:30:00,992883.0
2025-01-15 23:00:00,995778.0
2025-01-15 23:30:00,993355.0
2025-01-16 00:00:00,987442.0
2025-01-16 00:30:00,987826.0
2025-01-16 01:00:00,992989.0
2025-01-16 01:30:00,995906.0
2025-01-16 02:00:00,994961.0
2025-01-16 02:30:00,999230.0
2025-01-16 03:00:00,993632.0
2025-01-16 03:30:00,992365.0
2025-01-16 04:00:00,988373.0
2025-01-16 04:30:00,986075.0
2025-01-16 05:00:00,999022.0
2025-01-16 05:30:00,1002102.0
2025-01-16 06:00:00,1001017.0
2025-01-16 06:30:00,1005926.0
2025-01-16 07:00:00,1022784.0
2025-01-16 07:30:00,1015645.0
2025-01-16 08:00:00,1011311.0
2025-01-16 08:30:00,1004107.0
2025-01-16 09:00:00,999364.0
2025-01-16 09:30:00,1010130.0
2025-01-16 10:00:00,1012135.0
2025-01-16 10:30:00,1015070.0
2025-01-16 11:00:00,906727.0
2025-01-16 11:30:00,887534.0
2025-01-16 12:00:00,893482.0
2025-01-16 12:30:00,889145.0
2025-01-16 13:00:00,947030.0
2025-01-16 13:30:00,1127379.0
2025-01-16 14:00:00,1121684.0
2025-01-16 14:30:00,1113922.0
2025-01-16 15:00:00,1127194.0
2025-01-16 15:30:00,1149119.0
2025-01-16 16:00:00,1100670.0
2025-01-16 16:30:00,1097122.0
2025-01-16 17:00:00,1169342.0
2025-01-16 17:30:00,1175240.0
2025-01-16 18:00:00,1173178.0
2025-01-16 18:30:00,1171585.0
2025-01-16 19:00:00,1170679.0
2025-01-16 19:30:00,1173609.0
2025-01-16 20:00:00,1178431.0
2025-01-16 20:30:00,1187033.0
2025-01-16 21:00:00,1186714.0
2025-01-16 21:30:00,1184279.0
2025-01-16 22:00:00,1190381.0
2025-01-16 22:30:00,1182723.0
2025-01-16 23:00:00,1187156.0
2025-01-16 23:30:00,1183427.0
2025-01-17 00:00:00,1175319.0
2025-01-17 00:30:00,1174118.0
2025-01-17 01:00:00,1178078.0
2025-01-17 01:30:00,1174626.0
2025-01-17 02:00:00,1182320.0
2025-01-17 02:30:00,1178673.0
2025-01-17 03:00:00,1171135.0
2025-01-17 03:30:00,1177076.0
2025-01-17 04:00:00,1175914.0
2025-01-17 04:30:00,1174828.0
2025-01-17 05:00:00,1166946.0
2025-01-17 05:30:00,1166358.0
2025-01-17 06:00:00,1117032.0
2025-01-17 06:30:00,1101229.0
2025-01-17 07:00:00,1171723.0
2025-01-17 07:30:00,1172804.0
2025-01-17 08:00:00,1172289.0
2025-01-17 08:30:00,1190628.0
2025-01-17 09:00:00,1189839.0
2025-01-17 09:30:00,1181669.0
2025-01-17 10:00:00,1160754.0
2025-01-17 10:30:00,1112667.0
2025-01-17 11:00:00,992796.0
2025-01-17 11:30:00,954347.0
2025-01-17 12:00:00,900578.0
2025-01-17 12:30:00,897010.0
2025-01-17 13:00:00,902965.0
2025-01-17 13:30:00,897758.0
2025-01-17 14:00:00,887728.0
2025-01-17 14:30:00,887602.0
2025-01-17 15:00:00,888492.0
2025-01-17 15:30:00,968029.0
2025-01-17 16:00:00,1010284.0
2025-01-17 16:30:00,1013035.0
2025-01-17 17:00:00,1008440.0
2025-01-17 17:30:00,1000083.0
2025-01-17 18:00:00,997028.0
2025-01-17 18:30:00,997010.0
2025-01-17 19:00:00,995283.0
2025-01-17 19:30:00,993411.0
2025-01-17 20:00:00,993272.0
2025-01-17 20:30:00,996973.0
2025-01-17 21:00:00,993450.0
2025-01-17 21:30:00,988034.0
2025-01-17 22:00:00,1002193.0
2025-01-17 22:30:00,993225.0
2025-01-17 23:00:00,988390.0
2025-01-17 23:30:00,757220.0
2025-01-18 00:00:00,613808.0
2025-01-18 00:30:00,511568.0
2025-01-18 01:00:00,371210.0
2025-01-18 01:30:00,316995.0
2025-01-18 02:00:00,100669.0
2025-01-18 02:30:00,0.0
2025-01-18 03:00:00,0.0
2025-01-18 03:30:00,0.0
2025-01-18 04:00:00,0.0
2025-01-18 04:30:00,0.0
2025-01-18 05:00:00,0.0
2025-01-18 05:30:00,0.0
2025-01-18 06:00:00,0.0
2025-01-18 06:30:00,0.0
2025-01-18 07:00:00,0.0
2025-01-18 07:30:00,0.0
2025-01-18 08:00:00,0.0
2025-01-18 08:30:00,0.0
2025-01-18 09:00:00,0.0
2025-01-18 09:30:00,0.0
2025-01-18 10:00:00,0.0
2025-01-18 10:30:00,0.0
2025-01-18 11:00:00,0.0
2025-01-18 11:30:00,0.0
2025-01-18 12:00:00,0.0
2025-01-18 12:30:00,0.0
2025-01-18 13:00:00,0.0
2025-01-18 13:30:00,0.0
2025-01-18 14:00:00,0.0
2025-01-18 14:30:00,0.0
2025-01-18 15:00:00,0.0
2025-01-18 15:30:00,0.0
2025-01-18 16:00:00,0.0
2025-01-18 16:30:00,0.0
2025-01-18 17:00:00,0.0
2025-01-18 17:30:00,0.0
2025-01-18 18:00:00,0.0
2025-01-18 18:30:00,0.0
2025-01-18 19:00:00,0.0
2025-01-18 19:30:00,0.0
2025-01-18 20:00:00,0.0
2025-01-18 20:30:00,0.0
2025-01-18 21:00:00,0.0
2025-01-18 21:30:00,0.0
2025-01-18 22:00:00,0.0
2025-01-18 22:30:00,0.0
2025-01-18 23:00:00,0.0
2025-01-18 23:30:00,0.0
2025-01-19 00:00:00,0.0
2025-01-19 00:30:00,0.0
2025-01-19 01:00:00,0.0
2025-01-19 01:30:00,0.0
2025-01-19 02:00:00,0.0
2025-01-19 02:30:00,0.0
2025-01-19 03:00:00,0.0
2025-01-19 03:30:00,0.0
2025-01-19 04:00:00,0.0
2025-01-19 04:30:00,0.0
2025-01-19 05:00:00,0.0
2025-01-19 05:30:00,0.0
2025-01-19 06:00:00,0.0
2025-01-19 06:30:00,0.0
2025-01-19 07:00:00,0.0
2025-01-19 07:30:00,0.0
2025-01-19 08:00:00,0.0
2025-01-19 08:30:00,0.0
2025-01-19 09:00:00,0.0
2025-01-19 09:30:00,0.0
2025-01-19 10:00:00,0.0
2025-01-19 10:30:00,0.0
2025-01-19 11:00:00,67557.9
2025-01-19 11:30:00,181613.0
2025-01-19 12:00:00,196556.0
2025-01-19 12:30:00,208725.0
2025-01-19 13:00:00,220095.0
2025-01-19 13:30:00,267605.0
2025-01-19 14:00:00,320755.0
2025-01-19 14:30:00,413069.0
2025-01-19 15:00:00,533202.0
2025-01-19 15:30:00,671157.0
2025-01-19 16:00:00,722620.0
2025-01-19 16:30:00,862807.0
2025-01-19 17:00:00,952941.0
2025-01-19 17:30:00,947659.0
2025-01-19 18:00:00,935225.0
2025-01-19 18:30:00,1016061.0
2025-01-19 19:00:00,1027157.0
2025-01-19 19:30:00,1025456.0
2025-01-19 20:00:00,1026826.0
2025-01-19 20:30:00,1025747.0
2025-01-19 21:00:00,1029663.0
2025-01-19 21:30:00,1020429.0
2025-01-19 22:00:00,1023834.0
2025-01-19 22:30:00,1016133.0
2025-01-19 23:00:00,1022875.0
2025-01-19 23:30:00,1017995.0
2025-01-20 00:00:00,1016530.0
2025-01-20 00:30:00,1015992.0
2025-01-20 01:00:00,1017289.0
2025-01-20 01:30:00,934100.0
2025-01-20 02:00:00,993105.0
2025-01-20 02:30:00,987056.0
2025-01-20 03:00:00,1024084.0
2025-01-20 03:30:00,1022347.0
2025-01-20 04:00:00,1024516.0
2025-01-20 04:30:00,1027870.0
2025-01-20 05:00:00,1042058.0
2025-01-20 05:30:00,1036975.0
2025-01-20 06:00:00,1040403.0
2025-01-20 06:30:00,1053333.0
2025-01-20 07:00:00,1055188.0
2025-01-20 07:30:00,1043190.0
2025-01-20 08:00:00,1043098.0
2025-01-20 08:30:00,1041497.0
2025-01-20 09:00:00,1039110.0
2025-01-20 09:30:00,1039290.0
2025-01-20 10:00:00,988870.0
2025-01-20 10:30:00,1048146.0
2025-01-20 11:00:00,1047944.0
2025-01-20 11:30:00,1045539.0
2025-01-20 12:00:00,1039283.0
2025-01-20 12:30:00,1029774.0
2025-01-20 13:00:00,990931.0
2025-01-20 13:30:00,922881.0
2025-01-20 14:00:00,981892.0
2025-01-20 14:30:00,964873.0
2025-01-20 15:00:00,1016004.0
2025-01-20 15:30:00,1001888.0
2025-01-20 16:00:00,1019352.0
2025-01-20 16:30:00,1023698.0
2025-01-20 17:00:00,1016885.0
2025-01-20 17:30:00,1017363.0
2025-01-20 18:00:00,1017038.0
2025-01-20 18:30:00,1033837.0
2025-01-20 19:00:00,1121124.0
2025-01-20 19:30:00,1161397.0
2025-01-20 20:00:00,1146105.0
2025-01-20 20:30:00,1109460.0
2025-01-20 21:00:00,1113147.0
2025-01-20 21:30:00,1119797.0
2025-01-20 22:00:00,1148133.0
2025-01-20 22:30:00,1199403.0
2025-01-20 23:00:00,1181695.0
2025-01-20 23:30:00,1200619.0
2025-01-21 00:00:00,1110829.0
2025-01-21 00:30:00,1113005.0
2025-01-21 01:00:00,1118893.0
2025-01-21 01:30:00,1192427.0
2025-01-21 02:00:00,1172406.0
2025-01-21 02:30:00,1185976.0
2025-01-21 03:00:00,1198799.0
2025-01-21 03:30:00,1191574.0
2025-01-21 04:00:00,1167660.0
2025-01-21 04:30:00,1122972.0
2025-01-21 05:00:00,1107032.0
2025-01-21 05:30:00,1112492.0
2025-01-21 06:00:00,1115886.0
2025-01-21 06:30:00,1122788.0
2025-01-21 07:00:00,1177830.0
2025-01-21 07:30:00,1226209.0
2025-01-21 08:00:00,1214652.0
2025-01-21 08:30:00,1221384.0
2025-01-21 09:00:00,1207709.0
2025-01-21 09:30:00,1211147.0
2025-01-21 10:00:00,1172871.0
2025-01-21 10:30:00,1116648.0
2025-01-21 11:00:00,1018224.0
2025-01-21 11:30:00,1022079.0
2025-01-21 12:00:00,1025143.0
2025-01-21 12:30:00,1025438.0
2025-01-21 13:00:00,1025793.0
2025-01-21 13:30:00,1025333.0
2025-01-21 14:00:00,1020405.0
2025-01-21 14:30:00,1023939.0
2025-01-21 15:00:00,1033304.0
2025-01-21 15:30:00,1136906.0
2025-01-21 16:00:00,1115902.0
2025-01-21 16:30:00,1190724.0
2025-01-21 17:00:00,1179250.0
2025-01-21 17:30:00,1192618.0
2025-01-21 18:00:00,1190744.0
2025-01-21 18:30:00,1188640.0
2025-01-21 19:00:00,1187987.0
2025-01-21 19:30:00,1186848.0
2025-01-21 20:00:00,1184472.0
2025-01-21 20:30:00,1187234.0
2025-01-21 21:00:00,1189825.0
2025-01-21 21:30:00,1192494.0
2025-01-21 22:00:00,1196685.0
2025-01-21 22:30:00,1191061.0
2025-01-21 23:00:00,1193985.0
2025-01-21 23:30:00,1192624.0
2025-01-22 00:00:00,1194393.0
2025-01-22 00:30:00,1193986.0
2025-01-22 01:00:00,1197369.0
2025-01-22 01:30:00,1188746.0
2025-01-22 02:00:00,1190949.0
2025-01-22 02:30:00,1187296.0
2025-01-22 03:00:00,1186877.0
2025-01-22 03:30:00,1188396.0
2025-01-22 04:00:00,1192433.0
2025-01-22 04:30:00,1197913.0
2025-01-22 05:00:00,1192869.0
2025-01-22 05:30:00,1213540.0
2025-01-22 06:00:00,1218323.0
2025-01-22 06:30:00,1211263.0
2025-01-22 07:00:00,1209091.0
2025-01-22 07:30:00,1209054.0
2025-01-22 08:00:00,1218924.0
2025-01-22 08:30:00,1216113.0
2025-01-22 09:00:00,1207852.0
2025-01-22 09:30:00,1206265.0
2025-01-22 10:00:00,1111727.0
2025-01-22 10:30:00,986597.0
2025-01-22 11:00:00,1033620.0
2025-01-22 11:30:00,1032636.0
2025-01-22 12:00:00,1031451.0
2025-01-22 12:30:00,1025620.0
2025-01-22 13:00:00,1028236.0
2025-01-22 13:30:00,1020641.0
2025-01-22 14:00:00,1021037.0
2025-01-22 14:30:00,1032725.0
2025-01-22 15:00:00,1063354.0
2025-01-22 15:30:00,1065987.0
2025-01-22 16:00:00,1190860.0
2025-01-22 16:30:00,1195033.0
2025-01-22 17:00:00,1154991.0
2025-01-22 17:30:00,1196577.0
2025-01-22 18:00:00,1188984.0
2025-01-22 18:30:00,1187872.0
2025-01-22 19:00:00,1185629.0
2025-01-22 19:30:00,1183980.0
2025-01-22 20:00:00,1185837.0
2025-01-22 20:30:00,1177925.0
2025-01-22 21:00:00,1191808.0
2025-01-22 21:30:00,1138815.0
2025-01-22 22:00:00,1151142.0
2025-01-22 22:30:00,1190148.0
2025-01-22 23:00:00,1183982.0
2025-01-22 23:30:00,1178481.0
2025-01-23 00:00:00,1175027.0
2025-01-23 00:30:00,1179063.0
2025-01-23 01:00:00,1175920.0
2025-01-23 01:30:00,1162096.0
2025-01-23 02:00:00,1181144.0
2025-01-23 02:30:00,1184690.0
2025-01-23 03:00:00,1187623.0
2025-01-23 03:30:00,1189333.0
2025-01-23 04:00:00,1186817.0
2025-01-23 04:30:00,1186349.0
2025-01-23 05:00:00,1192117.0
2025-01-23 05:30:00,1195342.0
2025-01-23 06:00:00,1202455.0
2025-01-23 06:30:00,1210502.0
2025-01-23 07:00:00,1207852.0
2025-01-23 07:30:00,1209110.0
2025-01-23 08:00:00,1210776.0
2025-01-23 08:30:00,1205529.0
2025-01-23 09:00:00,1194515.0
2025-01-23 09:30:00,1023170.0
2025-01-23 10:00:00,1007337.0
2025-01-23 10:30:00,1023795.0
2025-01-23 11:00:00,1025202.0
2025-01-23 11:30:00,1020346.0
2025-01-23 12:00:00,1015939.0
2025-01-23 12:30:00,1005341.0
2025-01-23 13:00:00,1024956.0
2025-01-23 13:30:00,1018856.0
2025-01-23 14:00:00,1008269.0
2025-01-23 14:30:00,1013660.0
2025-01-23 15:00:00,1015337.0
2025-01-23 15:30:00,1018584.0
2025-01-23 16:00:00,1012704.0
2025-01-23 16:30:00,1016917.0
2025-01-23 17:00:00,1011670.0
2025-01-23 17:30:00,1014623.0
2025-01-23 18:00:00,1012647.0
2025-01-23 18:30:00,1014884.0
2025-01-23 19:00:00,1014499.0
2025-01-23 19:30:00,1011362.0
2025-01-23 20:00:00,1014002.0
2025-01-23 20:30:00,1011501.0
2025-01-23 21:00:00,1004609.0
2025-01-23 21:30:00,917454.0
2025-01-23 22:00:00,735012.0
2025-01-23 22:30:00,573827.0
2025-01-23 23:00:00,479024.0
2025-01-23 23:30:00,385918.0
2025-01-24 00:00:00,145937.0
2025-01-24 00:30:00,0.0
2025-01-24 01:00:00,0.0
2025-01-24 01:30:00,0.0
2025-01-24 02:00:00,0.0
2025-01-24 02:30:00,0.0
2025-01-24 03:00:00,0.0
2025-01-24 03:30:00,0.0
2025-01-24 04:00:00,0.0
2025-01-24 04:30:00,0.0
2025-01-24 05:00:00,0.0
2025-01-24 05:30:00,0.0
2025-01-24 06:00:00,0.0
2025-01-24 06:30:00,0.0
2025-01-24 07:00:00,0.0
2025-01-24 07:30:00,0.0
2025-01-24 08:00:00,0.0
2025-01-24 08:30:00,0.0
2025-01-24 09:00:00,0.0
2025-01-24 09:30:00,0.0
2025-01-24 10:00:00,0.0
2025-01-24 10:30:00,0.0
2025-01-24 11:00:00,0.0
2025-01-24 11:30:00,0.0
2025-01-24 12:00:00,0.0
2025-01-24 12:30:00,0.0
2025-01-24 13:00:00,0.0
2025-01-24 13:30:00,0.0
2025-01-24 14:00:00,0.0
2025-01-24 14:30:00,0.0
2025-01-24 15:00:00,0.0
2025-01-24 15:30:00,0.0
2025-01-24 16:00:00,0.0
2025-01-24 16:30:00,0.0
2025-01-24 17:00:00,0.0
2025-01-24 17:30:00,0.0
2025-01-24 18:00:00,0.0
2025-01-24 18:30:00,0.0
2025-01-24 19:00:00,0.0
2025-01-24 19:30:00,0.0
2025-01-24 20:00:00,0.0
2025-01-24 20:30:00,0.0
2025-01-24 21:00:00,0.0
2025-01-24 21:30:00,0.0
2025-01-24 22:00:00,0.0
2025-01-24 22:30:00,0.0
2025-01-24 23:00:00,0.0
2025-01-24 23:30:00,0.0
2025-01-25 00:00:00,0.0
2025-01-25 00:30:00,0.0
2025-01-25 01:00:00,0.0
2025-01-25 01:30:00,0.0
2025-01-25 02:00:00,0.0
2025-01-25 02:30:00,0.0
2025-01-25 03:00:00,0.0
2025-01-25 03:30:00,0.0
2025-01-25 04:00:00,0.0
2025-01-25 04:30:00,0.0
2025-01-25 05:00:00,0.0
2025-01-25 05:30:00,0.0
2025-01-25 06:00:00,0.0
2025-01-25 06:30:00,0.0
2025-01-25 07:00:00,0.0
2025-01-25 07:30:00,0.0
2025-01-25 08:00:00,0.0
2025-01-25 08:30:00,0.0
2025-01-25 09:00:00,0.0
2025-01-25 09:30:00,0.0
2025-01-25 10:00:00,0.0
2025-01-25 10:30:00,0.0
2025-01-25 11:00:00,0.0
2025-01-25 11:30:00,0.0
2025-01-25 12:00:00,0.0
2025-01-25 12:30:00,0.0
2025-01-25 13:00:00,0.0
2025-01-25 13:30:00,0.0
2025-01-25 14:00:00,0.0
2025-01-25 14:30:00,0.0
2025-01-25 15:00:00,0.0
2025-01-25 15:30:00,0.0
2025-01-25 16:00:00,0.0
2025-01-25 16:30:00,0.0
2025-01-25 17:00:00,0.0
2025-01-25 17:30:00,0.0
2025-01-25 18:00:00,0.0
2025-01-25 18:30:00,0.0
2025-01-25 19:00:00,0.0
2025-01-25 19:30:00,0.0
2025-01-25 20:00:00,0.0
2025-01-25 20:30:00,0.0
2025-01-25 21:00:00,0.0
2025-01-25 21:30:00,0.0
2025-01-25 22:00:00,0.0
2025-01-25 22:30:00,0.0
2025-01-25 23:00:00,0.0
2025-01-25 23:30:00,0.0
2025-01-26 00:00:00,0.0
2025-01-26 00:30:00,0.0
2025-01-26 01:00:00,0.0
2025-01-26 01:30:00,0.0
2025-01-26 02:00:00,0.0
2025-01-26 02:30:00,0.0
2025-01-26 03:00:00,0.0
2025-01-26 03:30:00,0.0
2025-01-26 04:00:00,0.0
2025-01-26 04:30:00,0.0
2025-01-26 05:00:00,0.0
2025-01-26 05:30:00,0.0
2025-01-26 06:00:00,0.0
2025-01-26 06:30:00,0.0
2025-01-26 07:00:00,0.0
2025-01-26 07:30:00,0.0
2025-01-26 08:00:00,0.0
2025-01-26 08:30:00,0.0
2025-01-26 09:00:00,0.0
2025-01-26 09:30:00,0.0
2025-01-26 10:00:00,0.0
2025-01-26 10:30:00,0.0
2025-01-26 11:00:00,0.0
2025-01-26 11:30:00,0.0
2025-01-26 12:00:00,0.0
2025-01-26 12:30:00,0.0
2025-01-26 13:00:00,0.0
2025-01-26 13:30:00,0.0
2025-01-26 14:00:00,0.0
2025-01-26 14:30:00,0.0
2025-01-26 15:00:00,0.0
2025-01-26 15:30:00,0.0
2025-01-26 16:00:00,0.0
2025-01-26 16:30:00,0.0
2025-01-26 17:00:00,0.0
2025-01-26 17:30:00,0.0
2025-01-26 18:00:00,0.0
2025-01-26 18:30:00,0.0
2025-01-26 19:00:00,0.0
2025-01-26 19:30:00,0.0
2025-01-26 20:00:00,0.0
2025-01-26 20:30:00,0.0
2025-01-26 21:00:00,0.0
2025-01-26 21:30:00,0.0
2025-01-26 22:00:00,0.0
2025-01-26 22:30:00,0.0
2025-01-26 23:00:00,0.0
2025-01-26 23:30:00,0.0
2025-01-27 00:00:00,0.0
2025-01-27 00:30:00,0.0
2025-01-27 01:00:00,0.0
2025-01-27 01:30:00,0.0
2025-01-27 02:00:00,0.0
2025-01-27 02:30:00,0.0
2025-01-27 03:00:00,0.0
2025-01-27 03:30:00,0.0
2025-01-27 04:00:00,0.0
2025-01-27 04:30:00,0.0
2025-01-27 05:00:00,0.0
2025-01-27 05:30:00,0.0
2025-01-27 06:00:00,0.0
2025-01-27 06:30:00,0.0
2025-01-27 07:00:00,0.0
2025-01-27 07:30:00,0.0
2025-01-27 08:00:00,0.0
2025-01-27 08:30:00,0.0
2025-01-27 09:00:00,0.0
2025-01-27 09:30:00,0.0
2025-01-27 10:00:00,0.0
2025-01-27 10:30:00,0.0
2025-01-27 11:00:00,0.0
2025-01-27 11:30:00,0.0
2025-01-27 12:00:00,0.0
2025-01-27 12:30:00,0.0
2025-01-27 13:00:00,0.0
2025-01-27 13:30:00,0.0
2025-01-27 14:00:00,0.0
2025-01-27 14:30:00,0.0
2025-01-27 15:00:00,0.0
2025-01-27 15:30:00,0.0
2025-01-27 16:00:00,0.0
2025-01-27 16:30:00,0.0
2025-01-27 17:00:00,0.0
2025-01-27 17:30:00,0.0
2025-01-27 18:00:00,0.0
2025-01-27 18:30:00,0.0
2025-01-27 19:00:00,0.0
2025-01-27 19:30:00,0.0
2025-01-27 20:00:00,0.0
2025-01-27 20:30:00,0.0
2025-01-27 21:00:00,0.0
2025-01-27 21:30:00,0.0
2025-01-27 22:00:00,0.0
2025-01-27 22:30:00,0.0
2025-01-27 23:00:00,0.0
2025-01-27 23:30:00,0.0
2025-01-28 00:00:00,0.0
2025-01-28 00:30:00,0.0
2025-01-28 01:00:00,0.0
2025-01-28 01:30:00,0.0
2025-01-28 02:00:00,0.0
2025-01-28 02:30:00,0.0
2025-01-28 03:00:00,0.0
2025-01-28 03:30:00,0.0
2025-01-28 04:00:00,0.0
2025-01-28 04:30:00,0.0
2025-01-28 05:00:00,0.0
2025-01-28 05:30:00,0.0
2025-01-28 06:00:00,0.0
2025-01-28 06:30:00,0.0
2025-01-28 07:00:00,0.0
2025-01-28 07:30:00,0.0
2025-01-28 08:00:00,0.0
2025-01-28 08:30:00,0.0
2025-01-28 09:00:00,0.0
2025-01-28 09:30:00,0.0
2025-01-28 10:00:00,0.0
2025-01-28 10:30:00,0.0
2025-01-28 11:00:00,0.0
2025-01-28 11:30:00,0.0
2025-01-28 12:00:00,0.0
2025-01-28 12:30:00,0.0
2025-01-28 13:00:00,0.0
2025-01-28 13:30:00,0.0
2025-01-28 14:00:00,0.0
2025-01-28 14:30:00,0.0
2025-01-28 15:00:00,0.0
2025-01-28 15:30:00,0.0
2025-01-28 16:00:00,0.0
2025-01-28 16:30:00,0.0
2025-01-28 17:00:00,0.0
2025-01-28 17:30:00,0.0
2025-01-28 18:00:00,0.0
2025-01-28 18:30:00,0.0
2025-01-28 19:00:00,0.0
2025-01-28 19:30:00,0.0
2025-01-28 20:00:00,0.0
2025-01-28 20:30:00,0.0
2025-01-28 21:00:00,0.0
2025-01-28 21:30:00,0.0
2025-01-28 22:00:00,0.0
2025-01-28 22:30:00,0.0
2025-01-28 23:00:00,0.0
2025-01-28 23:30:00,0.0
2025-01-29 00:00:00,0.0
2025-01-29 00:30:00,0.0
2025-01-29 01:00:00,0.0
2025-01-29 01:30:00,0.0
2025-01-29 02:00:00,0.0
2025-01-29 02:30:00,0.0
2025-01-29 03:00:00,0.0
2025-01-29 03:30:00,0.0
2025-01-29 04:00:00,0.0
2025-01-29 04:30:00,0.0
2025-01-29 05:00:00,0.0
2025-01-29 05:30:00,0.0
2025-01-29 06:00:00,0.0
2025-01-29 06:30:00,0.0
2025-01-29 07:00:00,0.0
2025-01-29 07:30:00,0.0
2025-01-29 08:00:00,0.0
2025-01-29 08:30:00,0.0
2025-01-29 09:00:00,0.0
2025-01-29 09:30:00,0.0
2025-01-29 10:00:00,0.0
2025-01-29 10:30:00,0.0
2025-01-29 11:00:00,0.0
2025-01-29 11:30:00,0.0
2025-01-29 12:00:00,0.0
2025-01-29 12:30:00,0.0
2025-01-29 13:00:00,0.0
2025-01-29 13:30:00,0.0
2025-01-29 14:00:00,0.0
2025-01-29 14:30:00,0.0
2025-01-29 15:00:00,0.0
2025-01-29 15:30:00,0.0
2025-01-29 16:00:00,0.0
2025-01-29 16:30:00,0.0
2025-01-29 17:00:00,0.0
2025-01-29 17:30:00,0.0
2025-01-29 18:00:00,0.0
2025-01-29 18:30:00,0.0
2025-01-29 19:00:00,0.0
2025-01-29 19:30:00,0.0
2025-01-29 20:00:00,0.0
2025-01-29 20:30:00,0.0
2025-01-29 21:00:00,0.0
2025-01-29 21:30:00,0.0
2025-01-29 22:00:00,0.0
2025-01-29 22:30:00,0.0
2025-01-29 23:00:00,0.0
2025-01-29 23:30:00,0.0
2025-01-30 00:00:00,0.0
2025-01-30 00:30:00,0.0
2025-01-30 01:00:00,0.0
2025-01-30 01:30:00,0.0
2025-01-30 02:00:00,0.0
2025-01-30 02:30:00,0.0
2025-01-30 03:00:00,0.0
2025-01-30 03:30:00,0.0
2025-01-30 04:00:00,0.0
2025-01-30 04:30:00,0.0
2025-01-30 05:00:00,0.0
2025-01-30 05:30:00,0.0
2025-01-30 06:00:00,0.0
2025-01-30 06:30:00,0.0
2025-01-30 07:00:00,0.0
2025-01-30 07:30:00,0.0
2025-01-30 08:00:00,0.0
2025-01-30 08:30:00,0.0
2025-01-30 09:00:00,0.0
2025-01-30 09:30:00,0.0
2025-01-30 10:00:00,0.0
2025-01-30 10:30:00,0.0
2025-01-30 11:00:00,0.0
2025-01-30 11:30:00,0.0
2025-01-30 12:00:00,0.0
2025-01-30 12:30:00,0.0
2025-01-30 13:00:00,0.0
2025-01-30 13:30:00,0.0
2025-01-30 14:00:00,0.0
2025-01-30 14:30:00,0.0
2025-01-30 15:00:00,0.0
2025-01-30 15:30:00,0.0
2025-01-30 16:00:00,0.0
2025-01-30 16:30:00,0.0
2025-01-30 17:00:00,0.0
2025-01-30 17:30:00,0.0
2025-01-30 18:00:00,0.0
2025-01-30 18:30:00,0.0
2025-01-30 19:00:00,0.0
2025-01-30 19:30:00,0.0
2025-01-30 20:00:00,0.0
2025-01-30 20:30:00,0.0
2025-01-30 21:00:00,0.0
2025-01-30 21:30:00,0.0
2025-01-30 22:00:00,0.0
2025-01-30 22:30:00,0.0
2025-01-30 23:00:00,0.0
2025-01-30 23:30:00,0.0
2025-01-31 00:00:00,0.0
2025-01-31 00:30:00,0.0
2025-01-31 01:00:00,0.0
2025-01-31 01:30:00,0.0
2025-01-31 02:00:00,0.0
2025-01-31 02:30:00,0.0
2025-01-31 03:00:00,0.0
2025-01-31 03:30:00,0.0
2025-01-31 04:00:00,0.0
2025-01-31 04:30:00,0.0
2025-01-31 05:00:00,0.0
2025-01-31 05:30:00,0.0
2025-01-31 06:00:00,0.0
2025-01-31 06:30:00,0.0
2025-01-31 07:00:00,0.0
2025-01-31 07:30:00,0.0
2025-01-31 08:00:00,90689.4
2025-01-31 08:30:00,140451.0
2025-01-31 09:00:00,150274.0
2025-01-31 09:30:00,158962.0
2025-01-31 10:00:00,163189.0
2025-01-31 10:30:00,176763.0
2025-01-31 11:00:00,186297.0
2025-01-31 11:30:00,207034.0
2025-01-31 12:00:00,253331.0
2025-01-31 12:30:00,266671.0
2025-01-31 13:00:00,310421.0
2025-01-31 13:30:00,337840.0
2025-01-31 14:00:00,388972.0
2025-01-31 14:30:00,432712.0
2025-01-31 15:00:00,550216.0
2025-01-31 15:30:00,672004.0
2025-01-31 16:00:00,800560.0
2025-01-31 16:30:00,1024707.0
2025-01-31 17:00:00,1023130.0
2025-01-31 17:30:00,1012775.0
2025-01-31 18:00:00,1019946.0
2025-01-31 18:30:00,1007917.0
2025-01-31 19:00:00,1011898.0
2025-01-31 19:30:00,1015923.0
2025-01-31 20:00:00,1007788.0
2025-01-31 20:30:00,1007020.0
2025-01-31 21:00:00,1008508.0
2025-01-31 21:30:00,976176.0
2025-01-31 22:00:00,779503.0
2025-01-31 22:30:00,619255.0
2025-01-31 23:00:00,453511.0
2025-01-31 23:30:00,289926.0
