일시,TMP
2025-01-01 00:00:00,0.0
2025-01-01 00:30:00,0.0
2025-01-01 01:00:00,0.0
2025-01-01 01:30:00,0.0
2025-01-01 02:00:00,0.0
2025-01-01 02:30:00,0.0
2025-01-01 03:00:00,0.0
2025-01-01 03:30:00,0.0
2025-01-01 04:00:00,0.0
2025-01-01 04:30:00,0.0
2025-01-01 05:00:00,0.0
2025-01-01 05:30:00,0.0
2025-01-01 06:00:00,0.0
2025-01-01 06:30:00,0.0
2025-01-01 07:00:00,0.0
2025-01-01 07:30:00,0.0
2025-01-01 08:00:00,0.0
2025-01-01 08:30:00,0.0
2025-01-01 09:00:00,0.0
2025-01-01 09:30:00,0.0
2025-01-01 10:00:00,0.0
2025-01-01 10:30:00,0.0
2025-01-01 11:00:00,0.0
2025-01-01 11:30:00,0.0
2025-01-01 12:00:00,55.48
2025-01-01 12:30:00,56.51
2025-01-01 13:00:00,57.58
2025-01-01 13:30:00,58.9
2025-01-01 14:00:00,61.17
2025-01-01 14:30:00,64.69
2025-01-01 15:00:00,69.04
2025-01-01 15:30:00,71.45
2025-01-01 16:00:00,69.51
2025-01-01 16:30:00,68.5
2025-01-01 17:00:00,70.37
2025-01-01 17:30:00,75.74
2025-01-01 18:00:00,79.16
2025-01-01 18:30:00,81.37
2025-01-01 19:00:00,83.08
2025-01-01 19:30:00,84.22
2025-01-01 20:00:00,85.0
2025-01-01 20:30:00,85.51
2025-01-01 21:00:00,85.69
2025-01-01 21:30:00,85.85
2025-01-01 22:00:00,85.82
2025-01-01 22:30:00,85.8
2025-01-01 23:00:00,85.84
2025-01-01 23:30:00,85.9
2025-01-02 00:00:00,85.82
2025-01-02 00:30:00,85.54
2025-01-02 01:00:00,85.34
2025-01-02 01:30:00,85.08
2025-01-02 02:00:00,85.21
2025-01-02 02:30:00,85.34
2025-01-02 03:00:00,84.84
2025-01-02 03:30:00,84.46
2025-01-02 04:00:00,84.29
2025-01-02 04:30:00,84.47
2025-01-02 05:00:00,84.6
2025-01-02 05:30:00,84.6
2025-01-02 06:00:00,84.86
2025-01-02 06:30:00,85.31
2025-01-02 07:00:00,85.8
2025-01-02 07:30:00,85.24
2025-01-02 08:00:00,84.72
2025-01-02 08:30:00,84.42
2025-01-02 09:00:00,84.33
2025-01-02 09:30:00,84.4
2025-01-02 10:00:00,84.3
2025-01-02 10:30:00,85.38
2025-01-02 11:00:00,86.43
2025-01-02 11:30:00,85.8
2025-01-02 12:00:00,85.19
2025-01-02 12:30:00,84.45
2025-01-02 13:00:00,84.12
2025-01-02 13:30:00,84.02
2025-01-02 14:00:00,83.78
2025-01-02 14:30:00,83.1
2025-01-02 15:00:00,82.6
2025-01-02 15:30:00,82.3
2025-01-02 16:00:00,82.3
2025-01-02 16:30:00,82.18
2025-01-02 17:00:00,82.11
2025-01-02 17:30:00,82.3
2025-01-02 18:00:00,82.3
2025-01-02 18:30:00,82.1
2025-01-02 19:00:00,82.1
2025-01-02 19:30:00,82.1
2025-01-02 20:00:00,82.1
2025-01-02 20:30:00,82.1
2025-01-02 21:00:00,82.1
2025-01-02 21:30:00,82.1
2025-01-02 22:00:00,82.1
2025-01-02 22:30:00,82.1
2025-01-02 23:00:00,82.1
2025-01-02 23:30:00,82.1
2025-01-03 00:00:00,82.07
2025-01-03 00:30:00,81.93
2025-01-03 01:00:00,81.96
2025-01-03 01:30:00,82.0
2025-01-03 02:00:00,82.0
2025-01-03 02:30:00,82.1
2025-01-03 03:00:00,82.1
2025-01-03 03:30:00,82.1
2025-01-03 04:00:00,82.06
2025-01-03 04:30:00,82.0
2025-01-03 05:00:00,82.0
2025-01-03 05:30:00,81.93
2025-01-03 06:00:00,82.05
2025-01-03 06:30:00,82.63
2025-01-03 07:00:00,83.04
2025-01-03 07:30:00,83.25
2025-01-03 08:00:00,83.03
2025-01-03 08:30:00,82.66
2025-01-03 09:00:00,82.26
2025-01-03 09:30:00,82.2
2025-01-03 10:00:00,82.42
2025-01-03 10:30:00,82.51
2025-01-03 11:00:00,82.74
2025-01-03 11:30:00,83.21
2025-01-03 12:00:00,83.41
2025-01-03 12:30:00,83.53
2025-01-03 13:00:00,83.4
2025-01-03 13:30:00,83.07
2025-01-03 14:00:00,82.52
2025-01-03 14:30:00,82.18
2025-01-03 15:00:00,81.89
2025-01-03 15:30:00,81.47
2025-01-03 16:00:00,80.96
2025-01-03 16:30:00,80.54
2025-01-03 17:00:00,80.32
2025-01-03 17:30:00,80.3
2025-01-03 18:00:00,80.3
2025-01-03 18:30:00,80.3
2025-01-03 19:00:00,80.28
2025-01-03 19:30:00,80.25
2025-01-03 20:00:00,80.32
2025-01-03 20:30:00,80.4
2025-01-03 21:00:00,80.4
2025-01-03 21:30:00,80.4
2025-01-03 22:00:00,80.46
2025-01-03 22:30:00,80.69
2025-01-03 23:00:00,81.43
2025-01-03 23:30:00,81.74
2025-01-04 00:00:00,82.09
2025-01-04 00:30:00,81.23
2025-01-04 01:00:00,80.15
2025-01-04 01:30:00,0.0
2025-01-04 02:00:00,0.0
2025-01-04 02:30:00,0.0
2025-01-04 03:00:00,0.0
2025-01-04 03:30:00,0.0
2025-01-04 04:00:00,0.0
2025-01-04 04:30:00,0.0
2025-01-04 05:00:00,0.0
2025-01-04 05:30:00,0.0
2025-01-04 06:00:00,0.0
2025-01-04 06:30:00,0.0
2025-01-04 07:00:00,0.0
2025-01-04 07:30:00,0.0
2025-01-04 08:00:00,0.0
2025-01-04 08:30:00,0.0
2025-01-04 09:00:00,0.0
2025-01-04 09:30:00,0.0
2025-01-04 10:00:00,0.0
2025-01-04 10:30:00,0.0
2025-01-04 11:00:00,0.0
2025-01-04 11:30:00,0.0
2025-01-04 12:00:00,0.0
2025-01-04 12:30:00,0.0
2025-01-04 13:00:00,0.0
2025-01-04 13:30:00,0.0
2025-01-04 14:00:00,0.0
2025-01-04 14:30:00,0.0
2025-01-04 15:00:00,0.0
2025-01-04 15:30:00,0.0
2025-01-04 16:00:00,65.83
2025-01-04 16:30:00,65.9
2025-01-04 17:00:00,66.25
2025-01-04 17:30:00,66.99
2025-01-04 18:00:00,68.54
2025-01-04 18:30:00,71.0
2025-01-04 19:00:00,73.66
2025-01-04 19:30:00,71.99
2025-01-04 20:00:00,67.13
2025-01-04 20:30:00,65.03
2025-01-04 21:00:00,66.13
2025-01-04 21:30:00,69.2
2025-01-04 22:00:00,72.5
2025-01-04 22:30:00,74.87
2025-01-04 23:00:00,76.23
2025-01-04 23:30:00,77.23
2025-01-05 00:00:00,78.18
2025-01-05 00:30:00,78.9
2025-01-05 01:00:00,79.5
2025-01-05 01:30:00,79.78
2025-01-05 02:00:00,80.02
2025-01-05 02:30:00,80.17
2025-01-05 03:00:00,80.3
2025-01-05 03:30:00,80.36
2025-01-05 04:00:00,80.47
2025-01-05 04:30:00,80.63
2025-01-05 05:00:00,80.8
2025-01-05 05:30:00,80.83
2025-01-05 06:00:00,81.11
2025-01-05 06:30:00,81.64
2025-01-05 07:00:00,82.41
2025-01-05 07:30:00,82.69
2025-01-05 08:00:00,82.75
2025-01-05 08:30:00,82.7
2025-01-05 09:00:00,82.47
2025-01-05 09:30:00,82.31
2025-01-05 10:00:00,82.23
2025-01-05 10:30:00,82.13
2025-01-05 11:00:00,82.56
2025-01-05 11:30:00,82.87
2025-01-05 12:00:00,82.98
2025-01-05 12:30:00,83.09
2025-01-05 13:00:00,82.77
2025-01-05 13:30:00,82.75
2025-01-05 14:00:00,82.86
2025-01-05 14:30:00,82.64
2025-01-05 15:00:00,82.25
2025-01-05 15:30:00,81.72
2025-01-05 16:00:00,81.24
2025-01-05 16:30:00,81.0
2025-01-05 17:00:00,80.92
2025-01-05 17:30:00,80.89
2025-01-05 18:00:00,81.0
2025-01-05 18:30:00,81.11
2025-01-05 19:00:00,81.2
2025-01-05 19:30:00,81.2
2025-01-05 20:00:00,81.28
2025-01-05 20:30:00,81.38
2025-01-05 21:00:00,81.4
2025-01-05 21:30:00,81.4
2025-01-05 22:00:00,81.4
2025-01-05 22:30:00,81.4
2025-01-05 23:00:00,81.4
2025-01-05 23:30:00,81.35
2025-01-06 00:00:00,81.2
2025-01-06 00:30:00,81.33
2025-01-06 01:00:00,81.57
2025-01-06 01:30:00,81.75
2025-01-06 02:00:00,81.8
2025-01-06 02:30:00,81.98
2025-01-06 03:00:00,82.02
2025-01-06 03:30:00,82.03
2025-01-06 04:00:00,82.1
2025-01-06 04:30:00,82.29
2025-01-06 05:00:00,82.34
2025-01-06 05:30:00,82.42
2025-01-06 06:00:00,82.47
2025-01-06 06:30:00,83.27
2025-01-06 07:00:00,83.42
2025-01-06 07:30:00,83.34
2025-01-06 08:00:00,82.95
2025-01-06 08:30:00,82.6
2025-01-06 09:00:00,82.5
2025-01-06 09:30:00,82.32
2025-01-06 10:00:00,82.02
2025-01-06 10:30:00,82.15
2025-01-06 11:00:00,82.35
2025-01-06 11:30:00,82.11
2025-01-06 12:00:00,82.08
2025-01-06 12:30:00,81.4
2025-01-06 13:00:00,80.87
2025-01-06 13:30:00,80.58
2025-01-06 14:00:00,80.25
2025-01-06 14:30:00,79.6
2025-01-06 15:00:00,79.03
2025-01-06 15:30:00,78.72
2025-01-06 16:00:00,78.56
2025-01-06 16:30:00,78.5
2025-01-06 17:00:00,78.53
2025-01-06 17:30:00,78.52
2025-01-06 18:00:00,78.4
2025-01-06 18:30:00,78.39
2025-01-06 19:00:00,78.4
2025-01-06 19:30:00,78.4
2025-01-06 20:00:00,78.33
2025-01-06 20:30:00,78.2
2025-01-06 21:00:00,78.4
2025-01-06 21:30:00,78.49
2025-01-06 22:00:00,78.61
2025-01-06 22:30:00,78.73
2025-01-06 23:00:00,78.96
2025-01-06 23:30:00,79.24
2025-01-07 00:00:00,79.55
2025-01-07 00:30:00,79.78
2025-01-07 01:00:00,80.07
2025-01-07 01:30:00,80.34
2025-01-07 02:00:00,80.4
2025-01-07 02:30:00,80.4
2025-01-07 03:00:00,80.33
2025-01-07 03:30:00,80.3
2025-01-07 04:00:00,80.31
2025-01-07 04:30:00,80.15
2025-01-07 05:00:00,79.92
2025-01-07 05:30:00,80.56
2025-01-07 06:00:00,81.54
2025-01-07 06:30:00,81.97
2025-01-07 07:00:00,81.97
2025-01-07 07:30:00,81.94
2025-01-07 08:00:00,81.8
2025-01-07 08:30:00,81.96
2025-01-07 09:00:00,81.91
2025-01-07 09:30:00,82.2
2025-01-07 10:00:00,82.65
2025-01-07 10:30:00,82.99
2025-01-07 11:00:00,83.17
2025-01-07 11:30:00,82.9
2025-01-07 12:00:00,82.59
2025-01-07 12:30:00,82.5
2025-01-07 13:00:00,82.5
2025-01-07 13:30:00,82.25
2025-01-07 14:00:00,81.86
2025-01-07 14:30:00,81.37
2025-01-07 15:00:00,81.11
2025-01-07 15:30:00,81.0
2025-01-07 16:00:00,81.0
2025-01-07 16:30:00,80.83
2025-01-07 17:00:00,80.8
2025-01-07 17:30:00,80.8
2025-01-07 18:00:00,80.97
2025-01-07 18:30:00,81.0
2025-01-07 19:00:00,80.96
2025-01-07 19:30:00,80.8
2025-01-07 20:00:00,80.76
2025-01-07 20:30:00,80.68
2025-01-07 21:00:00,81.06
2025-01-07 21:30:00,81.17
2025-01-07 22:00:00,80.62
2025-01-07 22:30:00,80.29
2025-01-07 23:00:00,80.14
2025-01-07 23:30:00,80.34
2025-01-08 00:00:00,80.55
2025-01-08 00:30:00,80.71
2025-01-08 01:00:00,80.98
2025-01-08 01:30:00,81.08
2025-01-08 02:00:00,81.2
2025-01-08 02:30:00,81.2
2025-01-08 03:00:00,81.2
2025-01-08 03:30:00,81.39
2025-01-08 04:00:00,81.64
2025-01-08 04:30:00,81.77
2025-01-08 05:00:00,81.53
2025-01-08 05:30:00,81.16
2025-01-08 06:00:00,81.2
2025-01-08 06:30:00,81.8
2025-01-08 07:00:00,82.51
2025-01-08 07:30:00,82.7
2025-01-08 08:00:00,82.83
2025-01-08 08:30:00,82.71
2025-01-08 09:00:00,82.61
2025-01-08 09:30:00,82.63
2025-01-08 10:00:00,82.46
2025-01-08 10:30:00,82.34
2025-01-08 11:00:00,82.74
2025-01-08 11:30:00,83.15
2025-01-08 12:00:00,83.81
2025-01-08 12:30:00,84.0
2025-01-08 13:00:00,83.68
2025-01-08 13:30:00,83.1
2025-01-08 14:00:00,82.37
2025-01-08 14:30:00,81.73
2025-01-08 15:00:00,81.07
2025-01-08 15:30:00,80.9
2025-01-08 16:00:00,80.72
2025-01-08 16:30:00,80.38
2025-01-08 17:00:00,80.13
2025-01-08 17:30:00,80.1
2025-01-08 18:00:00,80.1
2025-01-08 18:30:00,79.96
2025-01-08 19:00:00,79.9
2025-01-08 19:30:00,79.9
2025-01-08 20:00:00,79.71
2025-01-08 20:30:00,79.66
2025-01-08 21:00:00,79.81
2025-01-08 21:30:00,79.97
2025-01-08 22:00:00,79.93
2025-01-08 22:30:00,79.78
2025-01-08 23:00:00,79.87
2025-01-08 23:30:00,79.98
2025-01-09 00:00:00,80.15
2025-01-09 00:30:00,80.38
2025-01-09 01:00:00,80.5
2025-01-09 01:30:00,80.27
2025-01-09 02:00:00,79.76
2025-01-09 02:30:00,79.55
2025-01-09 03:00:00,79.7
2025-01-09 03:30:00,79.7
2025-01-09 04:00:00,79.7
2025-01-09 04:30:00,79.92
2025-01-09 05:00:00,80.15
2025-01-09 05:30:00,80.33
2025-01-09 06:00:00,80.72
2025-01-09 06:30:00,80.98
2025-01-09 07:00:00,81.09
2025-01-09 07:30:00,81.34
2025-01-09 08:00:00,82.01
2025-01-09 08:30:00,82.4
2025-01-09 09:00:00,82.7
2025-01-09 09:30:00,82.9
2025-01-09 10:00:00,82.89
2025-01-09 10:30:00,82.71
2025-01-09 11:00:00,82.46
2025-01-09 11:30:00,82.63
2025-01-09 12:00:00,82.76
2025-01-09 12:30:00,82.62
2025-01-09 13:00:00,82.38
2025-01-09 13:30:00,82.05
2025-01-09 14:00:00,81.66
2025-01-09 14:30:00,81.43
2025-01-09 15:00:00,80.85
2025-01-09 15:30:00,80.09
2025-01-09 16:00:00,79.63
2025-01-09 16:30:00,78.81
2025-01-09 17:00:00,78.37
2025-01-09 17:30:00,78.2
2025-01-09 18:00:00,78.2
2025-01-09 18:30:00,78.49
2025-01-09 19:00:00,78.82
2025-01-09 19:30:00,78.8
2025-01-09 20:00:00,78.53
2025-01-09 20:30:00,78.49
2025-01-09 21:00:00,78.47
2025-01-09 21:30:00,78.63
2025-01-09 22:00:00,78.44
2025-01-09 22:30:00,78.45
2025-01-09 23:00:00,78.73
2025-01-09 23:30:00,78.97
2025-01-10 00:00:00,79.1
2025-01-10 00:30:00,78.93
2025-01-10 01:00:00,79.08
2025-01-10 01:30:00,79.43
2025-01-10 02:00:00,79.78
2025-01-10 02:30:00,80.03
2025-01-10 03:00:00,80.04
2025-01-10 03:30:00,79.9
2025-01-10 04:00:00,79.98
2025-01-10 04:30:00,80.1
2025-01-10 05:00:00,80.17
2025-01-10 05:30:00,80.36
2025-01-10 06:00:00,80.51
2025-01-10 06:30:00,80.71
2025-01-10 07:00:00,81.04
2025-01-10 07:30:00,80.96
2025-01-10 08:00:00,80.8
2025-01-10 08:30:00,80.99
2025-01-10 09:00:00,81.27
2025-01-10 09:30:00,81.44
2025-01-10 10:00:00,82.06
2025-01-10 10:30:00,82.61
2025-01-10 11:00:00,81.54
2025-01-10 11:30:00,81.2
2025-01-10 12:00:00,81.4
2025-01-10 12:30:00,81.72
2025-01-10 13:00:00,82.12
2025-01-10 13:30:00,81.38
2025-01-10 14:00:00,80.88
2025-01-10 14:30:00,80.6
2025-01-10 15:00:00,80.69
2025-01-10 15:30:00,80.66
2025-01-10 16:00:00,80.38
2025-01-10 16:30:00,79.82
2025-01-10 17:00:00,79.61
2025-01-10 17:30:00,79.74
2025-01-10 18:00:00,80.01
2025-01-10 18:30:00,80.1
2025-01-10 19:00:00,80.1
2025-01-10 19:30:00,80.1
2025-01-10 20:00:00,80.1
2025-01-10 20:30:00,80.19
2025-01-10 21:00:00,80.15
2025-01-10 21:30:00,80.12
2025-01-10 22:00:00,80.3
2025-01-10 22:30:00,80.12
2025-01-10 23:00:00,80.1
2025-01-10 23:30:00,80.1
2025-01-11 00:00:00,80.1
2025-01-11 00:30:00,80.08
2025-01-11 01:00:00,80.1
2025-01-11 01:30:00,80.16
2025-01-11 02:00:00,80.42
2025-01-11 02:30:00,80.62
2025-01-11 03:00:00,80.49
2025-01-11 03:30:00,80.4
2025-01-11 04:00:00,80.4
2025-01-11 04:30:00,80.4
2025-01-11 05:00:00,80.4
2025-01-11 05:30:00,80.34
2025-01-11 06:00:00,80.4
2025-01-11 06:30:00,81.39
2025-01-11 07:00:00,82.35
2025-01-11 07:30:00,82.63
2025-01-11 08:00:00,82.1
2025-01-11 08:30:00,81.77
2025-01-11 09:00:00,81.6
2025-01-11 09:30:00,81.8
2025-01-11 10:00:00,81.8
2025-01-11 10:30:00,82.0
2025-01-11 11:00:00,82.65
2025-01-11 11:30:00,82.92
2025-01-11 12:00:00,83.26
2025-01-11 12:30:00,83.24
2025-01-11 13:00:00,82.81
2025-01-11 13:30:00,82.37
2025-01-11 14:00:00,82.23
2025-01-11 14:30:00,82.1
2025-01-11 15:00:00,82.02
2025-01-11 15:30:00,81.5
2025-01-11 16:00:00,80.82
2025-01-11 16:30:00,80.39
2025-01-11 17:00:00,80.18
2025-01-11 17:30:00,80.41
2025-01-11 18:00:00,80.4
2025-01-11 18:30:00,80.4
2025-01-11 19:00:00,80.4
2025-01-11 19:30:00,80.4
2025-01-11 20:00:00,80.4
2025-01-11 20:30:00,80.4
2025-01-11 21:00:00,80.34
2025-01-11 21:30:00,80.37
2025-01-11 22:00:00,80.3
2025-01-11 22:30:00,80.3
2025-01-11 23:00:00,80.19
2025-01-11 23:30:00,80.07
2025-01-12 00:00:00,79.9
2025-01-12 00:30:00,79.83
2025-01-12 01:00:00,79.9
2025-01-12 01:30:00,79.92
2025-01-12 02:00:00,79.9
2025-01-12 02:30:00,79.9
2025-01-12 03:00:00,79.93
2025-01-12 03:30:00,80.1
2025-01-12 04:00:00,80.01
2025-01-12 04:30:00,79.9
2025-01-12 05:00:00,79.9
2025-01-12 05:30:00,79.9
2025-01-12 06:00:00,80.01
2025-01-12 06:30:00,80.99
2025-01-12 07:00:00,81.84
2025-01-12 07:30:00,82.1
2025-01-12 08:00:00,81.62
2025-01-12 08:30:00,80.7
2025-01-12 09:00:00,80.21
2025-01-12 09:30:00,80.1
2025-01-12 10:00:00,80.85
2025-01-12 10:30:00,81.38
2025-01-12 11:00:00,80.69
2025-01-12 11:30:00,78.97
2025-01-12 12:00:00,77.59
2025-01-12 12:30:00,0.0
2025-01-12 13:00:00,0.0
2025-01-12 13:30:00,0.0
2025-01-12 14:00:00,0.0
2025-01-12 14:30:00,0.0
2025-01-12 15:00:00,0.0
2025-01-12 15:30:00,0.0
2025-01-12 16:00:00,0.0
2025-01-12 16:30:00,0.0
2025-01-12 17:00:00,0.0
2025-01-12 17:30:00,0.0
2025-01-12 18:00:00,0.0
2025-01-12 18:30:00,0.0
2025-01-12 19:00:00,0.0
2025-01-12 19:30:00,0.0
2025-01-12 20:00:00,0.0
2025-01-12 20:30:00,0.0
2025-01-12 21:00:00,0.0
2025-01-12 21:30:00,0.0
2025-01-12 22:00:00,0.0
2025-01-12 22:30:00,0.0
2025-01-12 23:00:00,0.0
2025-01-12 23:30:00,0.0
2025-01-13 00:00:00,0.0
2025-01-13 00:30:00,0.0
2025-01-13 01:00:00,0.0
2025-01-13 01:30:00,0.0
2025-01-13 02:00:00,0.0
2025-01-13 02:30:00,0.0
2025-01-13 03:00:00,0.0
2025-01-13 03:30:00,68.04
2025-01-13 04:00:00,69.48
2025-01-13 04:30:00,70.31
2025-01-13 05:00:00,71.14
2025-01-13 05:30:00,72.71
2025-01-13 06:00:00,75.15
2025-01-13 06:30:00,77.87
2025-01-13 07:00:00,78.39
2025-01-13 07:30:00,73.31
2025-01-13 08:00:00,69.51
2025-01-13 08:30:00,68.62
2025-01-13 09:00:00,69.58
2025-01-13 09:30:00,71.7
2025-01-13 10:00:00,73.83
2025-01-13 10:30:00,75.77
2025-01-13 11:00:00,78.42
2025-01-13 11:30:00,79.71
2025-01-13 12:00:00,80.58
2025-01-13 12:30:00,81.02
2025-01-13 13:00:00,81.27
2025-01-13 13:30:00,81.42
2025-01-13 14:00:00,81.75
2025-01-13 14:30:00,82.14
2025-01-13 15:00:00,82.8
2025-01-13 15:30:00,83.54
2025-01-13 16:00:00,83.9
2025-01-13 16:30:00,83.95
2025-01-13 17:00:00,84.16
2025-01-13 17:30:00,84.56
2025-01-13 18:00:00,84.95
2025-01-13 18:30:00,85.2
2025-01-13 19:00:00,85.2
2025-01-13 19:30:00,85.2
2025-01-13 20:00:00,85.23
2025-01-13 20:30:00,85.39
2025-01-13 21:00:00,85.56
2025-01-13 21:30:00,85.96
2025-01-13 22:00:00,86.59
2025-01-13 22:30:00,86.24
2025-01-13 23:00:00,85.75
2025-01-13 23:30:00,85.72
2025-01-14 00:00:00,85.9
2025-01-14 00:30:00,86.01
2025-01-14 01:00:00,86.1
2025-01-14 01:30:00,86.23
2025-01-14 02:00:00,86.49
2025-01-14 02:30:00,86.86
2025-01-14 03:00:00,86.9
2025-01-14 03:30:00,86.9
2025-01-14 04:00:00,86.9
2025-01-14 04:30:00,86.74
2025-01-14 05:00:00,86.7
2025-01-14 05:30:00,86.7
2025-01-14 06:00:00,87.24
2025-01-14 06:30:00,88.29
2025-01-14 07:00:00,88.82
2025-01-14 07:30:00,89.15
2025-01-14 08:00:00,88.89
2025-01-14 08:30:00,88.17
2025-01-14 09:00:00,88.14
2025-01-14 09:30:00,88.04
2025-01-14 10:00:00,87.72
2025-01-14 10:30:00,87.07
2025-01-14 11:00:00,87.44
2025-01-14 11:30:00,87.8
2025-01-14 12:00:00,88.09
2025-01-14 12:30:00,88.25
2025-01-14 13:00:00,87.65
2025-01-14 13:30:00,87.01
2025-01-14 14:00:00,86.64
2025-01-14 14:30:00,86.32
2025-01-14 15:00:00,86.07
2025-01-14 15:30:00,85.7
2025-01-14 16:00:00,85.01
2025-01-14 16:30:00,84.21
2025-01-14 17:00:00,83.82
2025-01-14 17:30:00,83.46
2025-01-14 18:00:00,83.28
2025-01-14 18:30:00,83.1
2025-01-14 19:00:00,83.21
2025-01-14 19:30:00,83.33
2025-01-14 20:00:00,83.57
2025-01-14 20:30:00,83.7
2025-01-14 21:00:00,83.74
2025-01-14 21:30:00,83.95
2025-01-14 22:00:00,84.0
2025-01-14 22:30:00,83.84
2025-01-14 23:00:00,83.67
2025-01-14 23:30:00,83.5
2025-01-15 00:00:00,83.4
2025-01-15 00:30:00,83.3
2025-01-15 01:00:00,83.09
2025-01-15 01:30:00,82.79
2025-01-15 02:00:00,82.56
2025-01-15 02:30:00,82.5
2025-01-15 03:00:00,82.5
2025-01-15 03:30:00,82.5
2025-01-15 04:00:00,82.3
2025-01-15 04:30:00,82.3
2025-01-15 05:00:00,82.23
2025-01-15 05:30:00,82.1
2025-01-15 06:00:00,82.09
2025-01-15 06:30:00,82.55
2025-01-15 07:00:00,83.0
2025-01-15 07:30:00,83.22
2025-01-15 08:00:00,83.75
2025-01-15 08:30:00,83.99
2025-01-15 09:00:00,83.97
2025-01-15 09:30:00,83.9
2025-01-15 10:00:00,84.01
2025-01-15 10:30:00,84.69
2025-01-15 11:00:00,85.13
2025-01-15 11:30:00,85.69
2025-01-15 12:00:00,85.91
2025-01-15 12:30:00,86.1
2025-01-15 13:00:00,86.33
2025-01-15 13:30:00,85.54
2025-01-15 14:00:00,84.64
2025-01-15 14:30:00,84.29
2025-01-15 15:00:00,83.96
2025-01-15 15:30:00,83.02
2025-01-15 16:00:00,81.82
2025-01-15 16:30:00,81.47
2025-01-15 17:00:00,81.19
2025-01-15 17:30:00,81.33
2025-01-15 18:00:00,81.4
2025-01-15 18:30:00,81.52
2025-01-15 19:00:00,81.6
2025-01-15 19:30:00,81.78
2025-01-15 20:00:00,81.8
2025-01-15 20:30:00,81.79
2025-01-15 21:00:00,81.88
2025-01-15 21:30:00,81.75
2025-01-15 22:00:00,81.52
2025-01-15 22:30:00,81.22
2025-01-15 23:00:00,81.31
2025-01-15 23:30:00,81.59
2025-01-16 00:00:00,81.79
2025-01-16 00:30:00,82.0
2025-01-16 01:00:00,82.15
2025-01-16 01:30:00,82.5
2025-01-16 02:00:00,82.84
2025-01-16 02:30:00,83.23
2025-01-16 03:00:00,83.51
2025-01-16 03:30:00,83.7
2025-01-16 04:00:00,83.7
2025-01-16 04:30:00,83.7
2025-01-16 05:00:00,83.52
2025-01-16 05:30:00,83.37
2025-01-16 06:00:00,83.3
2025-01-16 06:30:00,83.7
2025-01-16 07:00:00,84.82
2025-01-16 07:30:00,85.64
2025-01-16 08:00:00,85.84
2025-01-16 08:30:00,85.65
2025-01-16 09:00:00,85.23
2025-01-16 09:30:00,85.2
2025-01-16 10:00:00,85.02
2025-01-16 10:30:00,85.21
2025-01-16 11:00:00,85.76
2025-01-16 11:30:00,86.63
2025-01-16 12:00:00,87.45
2025-01-16 12:30:00,87.75
2025-01-16 13:00:00,87.34
2025-01-16 13:30:00,86.12
2025-01-16 14:00:00,85.66
2025-01-16 14:30:00,85.72
2025-01-16 15:00:00,85.86
2025-01-16 15:30:00,85.33
2025-01-16 16:00:00,84.67
2025-01-16 16:30:00,84.52
2025-01-16 17:00:00,84.23
2025-01-16 17:30:00,83.94
2025-01-16 18:00:00,83.97
2025-01-16 18:30:00,84.26
2025-01-16 19:00:00,84.57
2025-01-16 19:30:00,84.61
2025-01-16 20:00:00,84.68
2025-01-16 20:30:00,84.93
2025-01-16 21:00:00,85.2
2025-01-16 21:30:00,85.5
2025-01-16 22:00:00,85.81
2025-01-16 22:30:00,85.93
2025-01-16 23:00:00,86.33
2025-01-16 23:30:00,86.76
2025-01-17 00:00:00,86.72
2025-01-17 00:30:00,86.2
2025-01-17 01:00:00,85.73
2025-01-17 01:30:00,85.44
2025-01-17 02:00:00,85.27
2025-01-17 02:30:00,85.33
2025-01-17 03:00:00,85.06
2025-01-17 03:30:00,84.67
2025-01-17 04:00:00,84.52
2025-01-17 04:30:00,84.62
2025-01-17 05:00:00,84.6
2025-01-17 05:30:00,84.28
2025-01-17 06:00:00,83.99
2025-01-17 06:30:00,84.3
2025-01-17 07:00:00,84.39
2025-01-17 07:30:00,83.66
2025-01-17 08:00:00,83.24
2025-01-17 08:30:00,83.61
2025-01-17 09:00:00,84.93
2025-01-17 09:30:00,85.54
2025-01-17 10:00:00,85.45
2025-01-17 10:30:00,85.81
2025-01-17 11:00:00,86.97
2025-01-17 11:30:00,88.25
2025-01-17 12:00:00,88.57
2025-01-17 12:30:00,88.11
2025-01-17 13:00:00,87.76
2025-01-17 13:30:00,87.62
2025-01-17 14:00:00,87.21
2025-01-17 14:30:00,86.87
2025-01-17 15:00:00,86.51
2025-01-17 15:30:00,85.97
2025-01-17 16:00:00,85.12
2025-01-17 16:30:00,84.23
2025-01-17 17:00:00,83.98
2025-01-17 17:30:00,83.62
2025-01-17 18:00:00,83.5
2025-01-17 18:30:00,83.5
2025-01-17 19:00:00,83.5
2025-01-17 19:30:00,83.5
2025-01-17 20:00:00,83.32
2025-01-17 20:30:00,83.28
2025-01-17 21:00:00,83.3
2025-01-17 21:30:00,83.45
2025-01-17 22:00:00,83.58
2025-01-17 22:30:00,83.7
2025-01-17 23:00:00,83.56
2025-01-17 23:30:00,83.87
2025-01-18 00:00:00,85.46
2025-01-18 00:30:00,86.51
2025-01-18 01:00:00,86.09
2025-01-18 01:30:00,84.42
2025-01-18 02:00:00,82.23
2025-01-18 02:30:00,0.0
2025-01-18 03:00:00,0.0
2025-01-18 03:30:00,0.0
2025-01-18 04:00:00,0.0
2025-01-18 04:30:00,0.0
2025-01-18 05:00:00,0.0
2025-01-18 05:30:00,0.0
2025-01-18 06:00:00,0.0
2025-01-18 06:30:00,0.0
2025-01-18 07:00:00,0.0
2025-01-18 07:30:00,0.0
2025-01-18 08:00:00,0.0
2025-01-18 08:30:00,0.0
2025-01-18 09:00:00,0.0
2025-01-18 09:30:00,0.0
2025-01-18 10:00:00,0.0
2025-01-18 10:30:00,0.0
2025-01-18 11:00:00,0.0
2025-01-18 11:30:00,0.0
2025-01-18 12:00:00,0.0
2025-01-18 12:30:00,0.0
2025-01-18 13:00:00,0.0
2025-01-18 13:30:00,0.0
2025-01-18 14:00:00,0.0
2025-01-18 14:30:00,0.0
2025-01-18 15:00:00,0.0
2025-01-18 15:30:00,0.0
2025-01-18 16:00:00,0.0
2025-01-18 16:30:00,0.0
2025-01-18 17:00:00,0.0
2025-01-18 17:30:00,0.0
2025-01-18 18:00:00,0.0
2025-01-18 18:30:00,0.0
2025-01-18 19:00:00,0.0
2025-01-18 19:30:00,0.0
2025-01-18 20:00:00,0.0
2025-01-18 20:30:00,0.0
2025-01-18 21:00:00,0.0
2025-01-18 21:30:00,0.0
2025-01-18 22:00:00,0.0
2025-01-18 22:30:00,0.0
2025-01-18 23:00:00,0.0
2025-01-18 23:30:00,0.0
2025-01-19 00:00:00,0.0
2025-01-19 00:30:00,0.0
2025-01-19 01:00:00,0.0
2025-01-19 01:30:00,0.0
2025-01-19 02:00:00,0.0
2025-01-19 02:30:00,0.0
2025-01-19 03:00:00,0.0
2025-01-19 03:30:00,0.0
2025-01-19 04:00:00,0.0
2025-01-19 04:30:00,0.0
2025-01-19 05:00:00,0.0
2025-01-19 05:30:00,0.0
2025-01-19 06:00:00,0.0
2025-01-19 06:30:00,0.0
2025-01-19 07:00:00,0.0
2025-01-19 07:30:00,0.0
2025-01-19 08:00:00,0.0
2025-01-19 08:30:00,0.0
2025-01-19 09:00:00,0.0
2025-01-19 09:30:00,0.0
2025-01-19 10:00:00,0.0
2025-01-19 10:30:00,0.0
2025-01-19 11:00:00,61.15
2025-01-19 11:30:00,59.07
2025-01-19 12:00:00,57.78
2025-01-19 12:30:00,57.61
2025-01-19 13:00:00,58.86
2025-01-19 13:30:00,61.93
2025-01-19 14:00:00,66.58
2025-01-19 14:30:00,71.07
2025-01-19 15:00:00,73.12
2025-01-19 15:30:00,69.94
2025-01-19 16:00:00,68.69
2025-01-19 16:30:00,70.24
2025-01-19 17:00:00,73.3
2025-01-19 17:30:00,75.82
2025-01-19 18:00:00,78.02
2025-01-19 18:30:00,79.77
2025-01-19 19:00:00,80.88
2025-01-19 19:30:00,81.63
2025-01-19 20:00:00,82.51
2025-01-19 20:30:00,83.23
2025-01-19 21:00:00,83.64
2025-01-19 21:30:00,83.71
2025-01-19 22:00:00,83.9
2025-01-19 22:30:00,83.9
2025-01-19 23:00:00,83.9
2025-01-19 23:30:00,83.97
2025-01-20 00:00:00,84.14
2025-01-20 00:30:00,84.32
2025-01-20 01:00:00,84.5
2025-01-20 01:30:00,84.7
2025-01-20 02:00:00,84.99
2025-01-20 02:30:00,85.17
2025-01-20 03:00:00,85.14
2025-01-20 03:30:00,85.02
2025-01-20 04:00:00,85.17
2025-01-20 04:30:00,85.3
2025-01-20 05:00:00,85.4
2025-01-20 05:30:00,85.4
2025-01-20 06:00:00,85.57
2025-01-20 06:30:00,86.55
2025-01-20 07:00:00,87.43
2025-01-20 07:30:00,87.7
2025-01-20 08:00:00,87.65
2025-01-20 08:30:00,87.32
2025-01-20 09:00:00,87.12
2025-01-20 09:30:00,87.26
2025-01-20 10:00:00,87.17
2025-01-20 10:30:00,87.52
2025-01-20 11:00:00,87.92
2025-01-20 11:30:00,88.24
2025-01-20 12:00:00,88.59
2025-01-20 12:30:00,88.34
2025-01-20 13:00:00,87.84
2025-01-20 13:30:00,87.79
2025-01-20 14:00:00,87.96
2025-01-20 14:30:00,87.48
2025-01-20 15:00:00,86.59
2025-01-20 15:30:00,85.63
2025-01-20 16:00:00,85.04
2025-01-20 16:30:00,84.8
2025-01-20 17:00:00,84.8
2025-01-20 17:30:00,84.8
2025-01-20 18:00:00,84.8
2025-01-20 18:30:00,84.62
2025-01-20 19:00:00,84.49
2025-01-20 19:30:00,84.83
2025-01-20 20:00:00,84.73
2025-01-20 20:30:00,85.08
2025-01-20 21:00:00,85.51
2025-01-20 21:30:00,85.8
2025-01-20 22:00:00,85.74
2025-01-20 22:30:00,85.32
2025-01-20 23:00:00,85.02
2025-01-20 23:30:00,85.13
2025-01-21 00:00:00,85.3
2025-01-21 00:30:00,85.68
2025-01-21 01:00:00,85.71
2025-01-21 01:30:00,85.27
2025-01-21 02:00:00,84.81
2025-01-21 02:30:00,84.96
2025-01-21 03:00:00,85.05
2025-01-21 03:30:00,85.2
2025-01-21 04:00:00,85.21
2025-01-21 04:30:00,85.44
2025-01-21 05:00:00,85.59
2025-01-21 05:30:00,85.77
2025-01-21 06:00:00,85.8
2025-01-21 06:30:00,85.7
2025-01-21 07:00:00,85.82
2025-01-21 07:30:00,86.13
2025-01-21 08:00:00,86.15
2025-01-21 08:30:00,86.3
2025-01-21 09:00:00,86.16
2025-01-21 09:30:00,85.98
2025-01-21 10:00:00,86.15
2025-01-21 10:30:00,86.68
2025-01-21 11:00:00,87.3
2025-01-21 11:30:00,87.5
2025-01-21 12:00:00,86.55
2025-01-21 12:30:00,85.86
2025-01-21 13:00:00,85.8
2025-01-21 13:30:00,85.56
2025-01-21 14:00:00,85.26
2025-01-21 14:30:00,85.17
2025-01-21 15:00:00,85.13
2025-01-21 15:30:00,84.76
2025-01-21 16:00:00,85.16
2025-01-21 16:30:00,85.05
2025-01-21 17:00:00,84.72
2025-01-21 17:30:00,84.6
2025-01-21 18:00:00,84.6
2025-01-21 18:30:00,84.8
2025-01-21 19:00:00,84.8
2025-01-21 19:30:00,84.8
2025-01-21 20:00:00,84.65
2025-01-21 20:30:00,84.6
2025-01-21 21:00:00,84.53
2025-01-21 21:30:00,84.4
2025-01-21 22:00:00,84.4
2025-01-21 22:30:00,84.4
2025-01-21 23:00:00,84.4
2025-01-21 23:30:00,84.4
2025-01-22 00:00:00,84.54
2025-01-22 00:30:00,84.6
2025-01-22 01:00:00,84.67
2025-01-22 01:30:00,84.8
2025-01-22 02:00:00,84.8
2025-01-22 02:30:00,84.63
2025-01-22 03:00:00,84.48
2025-01-22 03:30:00,84.41
2025-01-22 04:00:00,84.3
2025-01-22 04:30:00,84.07
2025-01-22 05:00:00,83.96
2025-01-22 05:30:00,84.05
2025-01-22 06:00:00,84.82
2025-01-22 06:30:00,85.0
2025-01-22 07:00:00,84.87
2025-01-22 07:30:00,84.61
2025-01-22 08:00:00,84.42
2025-01-22 08:30:00,84.6
2025-01-22 09:00:00,84.74
2025-01-22 09:30:00,85.07
2025-01-22 10:00:00,85.68
2025-01-22 10:30:00,86.18
2025-01-22 11:00:00,86.88
2025-01-22 11:30:00,86.37
2025-01-22 12:00:00,86.1
2025-01-22 12:30:00,86.3
2025-01-22 13:00:00,86.1
2025-01-22 13:30:00,85.9
2025-01-22 14:00:00,85.88
2025-01-22 14:30:00,85.58
2025-01-22 15:00:00,85.53
2025-01-22 15:30:00,85.41
2025-01-22 16:00:00,85.68
2025-01-22 16:30:00,85.52
2025-01-22 17:00:00,85.46
2025-01-22 17:30:00,85.59
2025-01-22 18:00:00,85.61
2025-01-22 18:30:00,85.6
2025-01-22 19:00:00,85.6
2025-01-22 19:30:00,85.8
2025-01-22 20:00:00,85.9
2025-01-22 20:30:00,85.9
2025-01-22 21:00:00,85.9
2025-01-22 21:30:00,85.91
2025-01-22 22:00:00,86.01
2025-01-22 22:30:00,85.79
2025-01-22 23:00:00,85.39
2025-01-22 23:30:00,85.14
2025-01-23 00:00:00,85.08
2025-01-23 00:30:00,85.11
2025-01-23 01:00:00,85.0
2025-01-23 01:30:00,85.01
2025-01-23 02:00:00,85.0
2025-01-23 02:30:00,85.0
2025-01-23 03:00:00,84.85
2025-01-23 03:30:00,84.8
2025-01-23 04:00:00,84.8
2025-01-23 04:30:00,84.8
2025-01-23 05:00:00,84.81
2025-01-23 05:30:00,84.88
2025-01-23 06:00:00,84.97
2025-01-23 06:30:00,85.7
2025-01-23 07:00:00,85.85
2025-01-23 07:30:00,85.78
2025-01-23 08:00:00,85.54
2025-01-23 08:30:00,85.09
2025-01-23 09:00:00,84.97
2025-01-23 09:30:00,85.18
2025-01-23 10:00:00,86.27
2025-01-23 10:30:00,85.98
2025-01-23 11:00:00,85.26
2025-01-23 11:30:00,85.08
2025-01-23 12:00:00,85.0
2025-01-23 12:30:00,85.1
2025-01-23 13:00:00,85.15
2025-01-23 13:30:00,84.9
2025-01-23 14:00:00,84.6
2025-01-23 14:30:00,84.47
2025-01-23 15:00:00,84.21
2025-01-23 15:30:00,84.3
2025-01-23 16:00:00,84.0
2025-01-23 16:30:00,83.9
2025-01-23 17:00:00,83.9
2025-01-23 17:30:00,83.9
2025-01-23 18:00:00,83.73
2025-01-23 18:30:00,83.52
2025-01-23 19:00:00,83.5
2025-01-23 19:30:00,83.5
2025-01-23 20:00:00,83.5
2025-01-23 20:30:00,83.56
2025-01-23 21:00:00,83.7
2025-01-23 21:30:00,83.64
2025-01-23 22:00:00,84.69
2025-01-23 22:30:00,85.5
2025-01-23 23:00:00,86.66
2025-01-23 23:30:00,86.47
2025-01-24 00:00:00,84.95
2025-01-24 00:30:00,0.0
2025-01-24 01:00:00,0.0
2025-01-24 01:30:00,0.0
2025-01-24 02:00:00,0.0
2025-01-24 02:30:00,0.0
2025-01-24 03:00:00,0.0
2025-01-24 03:30:00,0.0
2025-01-24 04:00:00,0.0
2025-01-24 04:30:00,0.0
2025-01-24 05:00:00,0.0
2025-01-24 05:30:00,0.0
2025-01-24 06:00:00,0.0
2025-01-24 06:30:00,0.0
2025-01-24 07:00:00,0.0
2025-01-24 07:30:00,0.0
2025-01-24 08:00:00,0.0
2025-01-24 08:30:00,0.0
2025-01-24 09:00:00,0.0
2025-01-24 09:30:00,0.0
2025-01-24 10:00:00,0.0
2025-01-24 10:30:00,0.0
2025-01-24 11:00:00,0.0
2025-01-24 11:30:00,0.0
2025-01-24 12:00:00,0.0
2025-01-24 12:30:00,0.0
2025-01-24 13:00:00,0.0
2025-01-24 13:30:00,0.0
2025-01-24 14:00:00,0.0
2025-01-24 14:30:00,0.0
2025-01-24 15:00:00,0.0
2025-01-24 15:30:00,0.0
2025-01-24 16:00:00,0.0
2025-01-24 16:30:00,0.0
2025-01-24 17:00:00,0.0
2025-01-24 17:30:00,0.0
2025-01-24 18:00:00,0.0
2025-01-24 18:30:00,0.0
2025-01-24 19:00:00,0.0
2025-01-24 19:30:00,0.0
2025-01-24 20:00:00,0.0
2025-01-24 20:30:00,0.0
2025-01-24 21:00:00,0.0
2025-01-24 21:30:00,0.0
2025-01-24 22:00:00,0.0
2025-01-24 22:30:00,0.0
2025-01-24 23:00:00,0.0
2025-01-24 23:30:00,0.0
2025-01-25 00:00:00,0.0
2025-01-25 00:30:00,0.0
2025-01-25 01:00:00,0.0
2025-01-25 01:30:00,0.0
2025-01-25 02:00:00,0.0
2025-01-25 02:30:00,0.0
2025-01-25 03:00:00,0.0
2025-01-25 03:30:00,0.0
2025-01-25 04:00:00,0.0
2025-01-25 04:30:00,0.0
2025-01-25 05:00:00,0.0
2025-01-25 05:30:00,0.0
2025-01-25 06:00:00,0.0
2025-01-25 06:30:00,0.0
2025-01-25 07:00:00,0.0
2025-01-25 07:30:00,0.0
2025-01-25 08:00:00,0.0
2025-01-25 08:30:00,0.0
2025-01-25 09:00:00,0.0
2025-01-25 09:30:00,0.0
2025-01-25 10:00:00,0.0
2025-01-25 10:30:00,0.0
2025-01-25 11:00:00,0.0
2025-01-25 11:30:00,0.0
2025-01-25 12:00:00,0.0
2025-01-25 12:30:00,0.0
2025-01-25 13:00:00,0.0
2025-01-25 13:30:00,0.0
2025-01-25 14:00:00,0.0
2025-01-25 14:30:00,0.0
2025-01-25 15:00:00,0.0
2025-01-25 15:30:00,0.0
2025-01-25 16:00:00,0.0
2025-01-25 16:30:00,0.0
2025-01-25 17:00:00,0.0
2025-01-25 17:30:00,0.0
2025-01-25 18:00:00,0.0
2025-01-25 18:30:00,0.0
2025-01-25 19:00:00,0.0
2025-01-25 19:30:00,0.0
2025-01-25 20:00:00,0.0
2025-01-25 20:30:00,0.0
2025-01-25 21:00:00,0.0
2025-01-25 21:30:00,0.0
2025-01-25 22:00:00,0.0
2025-01-25 22:30:00,0.0
2025-01-25 23:00:00,0.0
2025-01-25 23:30:00,0.0
2025-01-26 00:00:00,0.0
2025-01-26 00:30:00,0.0
2025-01-26 01:00:00,0.0
2025-01-26 01:30:00,0.0
2025-01-26 02:00:00,0.0
2025-01-26 02:30:00,0.0
2025-01-26 03:00:00,0.0
2025-01-26 03:30:00,0.0
2025-01-26 04:00:00,0.0
2025-01-26 04:30:00,0.0
2025-01-26 05:00:00,0.0
2025-01-26 05:30:00,0.0
2025-01-26 06:00:00,0.0
2025-01-26 06:30:00,0.0
2025-01-26 07:00:00,0.0
2025-01-26 07:30:00,0.0
2025-01-26 08:00:00,0.0
2025-01-26 08:30:00,0.0
2025-01-26 09:00:00,0.0
2025-01-26 09:30:00,0.0
2025-01-26 10:00:00,0.0
2025-01-26 10:30:00,0.0
2025-01-26 11:00:00,0.0
2025-01-26 11:30:00,0.0
2025-01-26 12:00:00,0.0
2025-01-26 12:30:00,0.0
2025-01-26 13:00:00,0.0
2025-01-26 13:30:00,0.0
2025-01-26 14:00:00,0.0
2025-01-26 14:30:00,0.0
2025-01-26 15:00:00,0.0
2025-01-26 15:30:00,0.0
2025-01-26 16:00:00,0.0
2025-01-26 16:30:00,0.0
2025-01-26 17:00:00,0.0
2025-01-26 17:30:00,0.0
2025-01-26 18:00:00,0.0
2025-01-26 18:30:00,0.0
2025-01-26 19:00:00,0.0
2025-01-26 19:30:00,0.0
2025-01-26 20:00:00,0.0
2025-01-26 20:30:00,0.0
2025-01-26 21:00:00,0.0
2025-01-26 21:30:00,0.0
2025-01-26 22:00:00,0.0
2025-01-26 22:30:00,0.0
2025-01-26 23:00:00,0.0
2025-01-26 23:30:00,0.0
2025-01-27 00:00:00,0.0
2025-01-27 00:30:00,0.0
2025-01-27 01:00:00,0.0
2025-01-27 01:30:00,0.0
2025-01-27 02:00:00,0.0
2025-01-27 02:30:00,0.0
2025-01-27 03:00:00,0.0
2025-01-27 03:30:00,0.0
2025-01-27 04:00:00,0.0
2025-01-27 04:30:00,0.0
2025-01-27 05:00:00,0.0
2025-01-27 05:30:00,0.0
2025-01-27 06:00:00,0.0
2025-01-27 06:30:00,0.0
2025-01-27 07:00:00,0.0
2025-01-27 07:30:00,0.0
2025-01-27 08:00:00,0.0
2025-01-27 08:30:00,0.0
2025-01-27 09:00:00,0.0
2025-01-27 09:30:00,0.0
2025-01-27 10:00:00,0.0
2025-01-27 10:30:00,0.0
2025-01-27 11:00:00,0.0
2025-01-27 11:30:00,0.0
2025-01-27 12:00:00,0.0
2025-01-27 12:30:00,0.0
2025-01-27 13:00:00,0.0
2025-01-27 13:30:00,0.0
2025-01-27 14:00:00,0.0
2025-01-27 14:30:00,0.0
2025-01-27 15:00:00,0.0
2025-01-27 15:30:00,0.0
2025-01-27 16:00:00,0.0
2025-01-27 16:30:00,0.0
2025-01-27 17:00:00,0.0
2025-01-27 17:30:00,0.0
2025-01-27 18:00:00,0.0
2025-01-27 18:30:00,0.0
2025-01-27 19:00:00,0.0
2025-01-27 19:30:00,0.0
2025-01-27 20:00:00,0.0
2025-01-27 20:30:00,0.0
2025-01-27 21:00:00,0.0
2025-01-27 21:30:00,0.0
2025-01-27 22:00:00,0.0
2025-01-27 22:30:00,0.0
2025-01-27 23:00:00,0.0
2025-01-27 23:30:00,0.0
2025-01-28 00:00:00,0.0
2025-01-28 00:30:00,0.0
2025-01-28 01:00:00,0.0
2025-01-28 01:30:00,0.0
2025-01-28 02:00:00,0.0
2025-01-28 02:30:00,0.0
2025-01-28 03:00:00,0.0
2025-01-28 03:30:00,0.0
2025-01-28 04:00:00,0.0
2025-01-28 04:30:00,0.0
2025-01-28 05:00:00,0.0
2025-01-28 05:30:00,0.0
2025-01-28 06:00:00,0.0
2025-01-28 06:30:00,0.0
2025-01-28 07:00:00,0.0
2025-01-28 07:30:00,0.0
2025-01-28 08:00:00,0.0
2025-01-28 08:30:00,0.0
2025-01-28 09:00:00,0.0
2025-01-28 09:30:00,0.0
2025-01-28 10:00:00,0.0
2025-01-28 10:30:00,0.0
2025-01-28 11:00:00,0.0
2025-01-28 11:30:00,0.0
2025-01-28 12:00:00,0.0
2025-01-28 12:30:00,0.0
2025-01-28 13:00:00,0.0
2025-01-28 13:30:00,0.0
2025-01-28 14:00:00,0.0
2025-01-28 14:30:00,0.0
2025-01-28 15:00:00,0.0
2025-01-28 15:30:00,0.0
2025-01-28 16:00:00,0.0
2025-01-28 16:30:00,0.0
2025-01-28 17:00:00,0.0
2025-01-28 17:30:00,0.0
2025-01-28 18:00:00,0.0
2025-01-28 18:30:00,0.0
2025-01-28 19:00:00,0.0
2025-01-28 19:30:00,0.0
2025-01-28 20:00:00,0.0
2025-01-28 20:30:00,0.0
2025-01-28 21:00:00,0.0
2025-01-28 21:30:00,0.0
2025-01-28 22:00:00,0.0
2025-01-28 22:30:00,0.0
2025-01-28 23:00:00,0.0
2025-01-28 23:30:00,0.0
2025-01-29 00:00:00,0.0
2025-01-29 00:30:00,0.0
2025-01-29 01:00:00,0.0
2025-01-29 01:30:00,0.0
2025-01-29 02:00:00,0.0
2025-01-29 02:30:00,0.0
2025-01-29 03:00:00,0.0
2025-01-29 03:30:00,0.0
2025-01-29 04:00:00,0.0
2025-01-29 04:30:00,0.0
2025-01-29 05:00:00,0.0
2025-01-29 05:30:00,0.0
2025-01-29 06:00:00,0.0
2025-01-29 06:30:00,0.0
2025-01-29 07:00:00,0.0
2025-01-29 07:30:00,0.0
2025-01-29 08:00:00,0.0
2025-01-29 08:30:00,0.0
2025-01-29 09:00:00,0.0
2025-01-29 09:30:00,0.0
2025-01-29 10:00:00,0.0
2025-01-29 10:30:00,0.0
2025-01-29 11:00:00,0.0
2025-01-29 11:30:00,0.0
2025-01-29 12:00:00,0.0
2025-01-29 12:30:00,0.0
2025-01-29 13:00:00,0.0
2025-01-29 13:30:00,0.0
2025-01-29 14:00:00,0.0
2025-01-29 14:30:00,0.0
2025-01-29 15:00:00,0.0
2025-01-29 15:30:00,0.0
2025-01-29 16:00:00,0.0
2025-01-29 16:30:00,0.0
2025-01-29 17:00:00,0.0
2025-01-29 17:30:00,0.0
2025-01-29 18:00:00,0.0
2025-01-29 18:30:00,0.0
2025-01-29 19:00:00,0.0
2025-01-29 19:30:00,0.0
2025-01-29 20:00:00,0.0
2025-01-29 20:30:00,0.0
2025-01-29 21:00:00,0.0
2025-01-29 21:30:00,0.0
2025-01-29 22:00:00,0.0
2025-01-29 22:30:00,0.0
2025-01-29 23:00:00,0.0
2025-01-29 23:30:00,0.0
2025-01-30 00:00:00,0.0
2025-01-30 00:30:00,0.0
2025-01-30 01:00:00,0.0
2025-01-30 01:30:00,0.0
2025-01-30 02:00:00,0.0
2025-01-30 02:30:00,0.0
2025-01-30 03:00:00,0.0
2025-01-30 03:30:00,0.0
2025-01-30 04:00:00,0.0
2025-01-30 04:30:00,0.0
2025-01-30 05:00:00,0.0
2025-01-30 05:30:00,0.0
2025-01-30 06:00:00,0.0
2025-01-30 06:30:00,0.0
2025-01-30 07:00:00,0.0
2025-01-30 07:30:00,0.0
2025-01-30 08:00:00,0.0
2025-01-30 08:30:00,0.0
2025-01-30 09:00:00,0.0
2025-01-30 09:30:00,0.0
2025-01-30 10:00:00,0.0
2025-01-30 10:30:00,0.0
2025-01-30 11:00:00,0.0
2025-01-30 11:30:00,0.0
2025-01-30 12:00:00,0.0
2025-01-30 12:30:00,0.0
2025-01-30 13:00:00,0.0
2025-01-30 13:30:00,0.0
2025-01-30 14:00:00,0.0
2025-01-30 14:30:00,0.0
2025-01-30 15:00:00,0.0
2025-01-30 15:30:00,0.0
2025-01-30 16:00:00,0.0
2025-01-30 16:30:00,0.0
2025-01-30 17:00:00,0.0
2025-01-30 17:30:00,0.0
2025-01-30 18:00:00,0.0
2025-01-30 18:30:00,0.0
2025-01-30 19:00:00,0.0
2025-01-30 19:30:00,0.0
2025-01-30 20:00:00,0.0
2025-01-30 20:30:00,0.0
2025-01-30 21:00:00,0.0
2025-01-30 21:30:00,0.0
2025-01-30 22:00:00,0.0
2025-01-30 22:30:00,0.0
2025-01-30 23:00:00,0.0
2025-01-30 23:30:00,0.0
2025-01-31 00:00:00,0.0
2025-01-31 00:30:00,0.0
2025-01-31 01:00:00,0.0
2025-01-31 01:30:00,0.0
2025-01-31 02:00:00,0.0
2025-01-31 02:30:00,0.0
2025-01-31 03:00:00,0.0
2025-01-31 03:30:00,0.0
2025-01-31 04:00:00,0.0
2025-01-31 04:30:00,0.0
2025-01-31 05:00:00,0.0
2025-01-31 05:30:00,0.0
2025-01-31 06:00:00,0.0
2025-01-31 06:30:00,0.0
2025-01-31 07:00:00,0.0
2025-01-31 07:30:00,0.0
2025-01-31 08:00:00,41.6
2025-01-31 08:30:00,42.24
2025-01-31 09:00:00,43.07
2025-01-31 09:30:00,44.18
2025-01-31 10:00:00,45.78
2025-01-31 10:30:00,48.14
2025-01-31 11:00:00,51.38
2025-01-31 11:30:00,55.38
2025-01-31 12:00:00,60.03
2025-01-31 12:30:00,64.93
2025-01-31 13:00:00,69.04
2025-01-31 13:30:00,71.89
2025-01-31 14:00:00,73.75
2025-01-31 14:30:00,71.31
2025-01-31 15:00:00,67.59
2025-01-31 15:30:00,67.42
2025-01-31 16:00:00,69.49
2025-01-31 16:30:00,72.73
2025-01-31 17:00:00,75.9
2025-01-31 17:30:00,78.25
2025-01-31 18:00:00,79.43
2025-01-31 18:30:00,80.3
2025-01-31 19:00:00,81.38
2025-01-31 19:30:00,83.45
2025-01-31 20:00:00,83.98
2025-01-31 20:30:00,82.53
2025-01-31 21:00:00,82.73
2025-01-31 21:30:00,82.92
2025-01-31 22:00:00,83.4
2025-01-31 22:30:00,85.24
2025-01-31 23:00:00,86.07
2025-01-31 23:30:00,86.09
